Title,Href
国家统计局：2月份各线城市房价同比降幅继续收窄,https://www.163.com/news/article/JQRG2DAL0001899O.html
寻子富豪给儿子送奔驰被拒 曾每天有八九个人叫他爸爸,https://www.163.com/dy/article/JQRF30BK0550B6IS.html
中国核工业功勋奖章获得者李德平逝世 享年99岁,https://www.163.com/dy/article/JQRCDCSF0514R9P4.html
无牌保时捷司机加油后逃单 已被警方传唤接受调查,https://www.163.com/dy/article/JQQEBBRT0514D3UH.html
王海回应打假如何盈利:向相关部门举报 奖金最高100万,https://www.163.com/dy/article/JQQI6N640514R9P4.html
国安部公开4名＂台独＂网军头目分子照片和台湾身份证号,https://www.163.com/news/article/JQR7IGHF0001899O.html
李嘉诚公司卖43个港口引强烈关注 中国航运贸易或受阻,https://www.163.com/dy/article/JQR8FOEH0514R9OJ.html
多人在泰山＂陪爬＂：有人年入30万 有人遇不合理请求,https://www.163.com/dy/article/JQQ9R70C051492T3.html
青海省委书记、省长和雷军座谈 背后涉产业重要布局,https://www.163.com/dy/article/JQQ4CO2U051482MP.html
广西贺州通报一宿舍楼墙体、地基开裂：住户已全搬离,https://www.163.com/dy/article/JQQ2S1SR0514R9OJ.html
台媒：南非外交部已在官网将＂台北联络代表处＂改名,https://www.163.com/dy/article/JQQ4A07P0514R9OJ.html
悬赏千万寻子24年 谢岳在团圆宴送了儿子一个飞机模型,https://www.163.com/dy/article/JQQ5QHPH0514TTN3.html
近千万精装新房地面渗水墙面发霉 业主崩溃：无人修复,https://www.163.com/dy/article/JQQ4JQED0512DU6N.html
女子后悔全款17万买车位：如今10万挂出去半年没人问,https://www.163.com/dy/article/JQP643SR0514BE2Q.html
深圳＂悬赏千万寻子＂父亲办团圆宴 解清帅和父亲也到场,https://www.163.com/dy/article/JQPKCE38051492T3.html
管庆良被公诉：当县长架空书记 把亲妹培养成＂白手套＂,https://www.163.com/dy/article/JQPKHGJO0530JPVV.html
事关工资、住房等 《提振消费专项行动方案》来了,https://www.163.com/news/article/JQPR9V8J000189PS.html
＂烟草虎＂被公诉：曾先后执掌8个省级烟草公司,https://www.163.com/dy/article/JQPOJT8H0530WJTO.html
声称没法修 男子1.58万的显卡被维修员7700元＂忽悠＂走,https://www.163.com/dy/article/JQNB4EQS053469M5.html
借贷宝8年被央视点名2次 利率高达2234.69%,https://www.163.com/dy/article/JQP0BBIO0550B6IS.html
7人用餐4人呕吐腹泻 深圳消费者投诉巴奴火锅品牌回应,https://www.163.com/dy/article/JQNRTDKF05129QAF.html
被3·15晚会点名 啄木鸟发布整改承诺书,https://www.163.com/dy/article/JQPIOIGQ0534A4SC.html
六家被点名虾仁企业线上已＂消失＂ 有企业曾多次被处罚,https://www.163.com/dy/article/JQPHV9C7053469M5.html
与辉同行：下架全部虾仁商品 将先行赔付＂退一赔三＂,https://www.163.com/dy/article/JQPHV9940512B07B.html
网友募捐近10万救助流浪狗 女子质疑账目不清被踢出群,https://www.163.com/dy/article/JQP6VJHA0514D3UH.html
被问＂歼-35A和歼-20谁厉害＂ 大校的答案意味深长,https://www.163.com/dy/article/JQP69P8Q05129QAF.html
关键时间点释放信号 国台办主任、东部战区司令员发声,https://www.163.com/dy/article/JQN9FUAE051482MP.html
正大、与辉同行、李佳琦均曾带货＂问题虾仁＂,https://www.163.com/dy/article/JQP4MTNH05129QAF.html
知名女星发声：购买的一次性内裤有异物,https://www.163.com/dy/article/JQP3P86I05129BOL.html
虾仁泡药包冰增重 工人坦言：我自己从来不吃,https://www.163.com/dy/article/JQNJBDID055040N3.html
一次性生活用品生产乱象被披露 涉事企业负责人被控制,https://www.163.com/news/article/JQP03P980001899O.html
多名男子和＂刘佳＂恋爱买房 女方还给部分＂男友＂付首付,https://www.163.com/dy/article/JQNM5T5T0512B07B.html
啄木鸟创始人曾拖地洗碗 因羡慕2万月薪投身家电维修,https://www.163.com/dy/article/JQNSJ3G50519APGA.html
29岁赵莽仅工作1年从博士变教授 年薪60万安家费200万,https://www.163.com/dy/article/JQN5RUDQ0534P59R.html
医院擅自使用细胞治疗肿瘤 官方通报：停止相关诊疗,https://www.163.com/news/article/JQOPS3ST0001899O.html
涉一次性内裤、家电维修、虾仁 315晚会披露问题盘点,https://www.163.com/dy/article/JQNPSAGJ0519DDQ2.html
全棉时代母公司稳健医疗收深交所关注函,https://www.163.com/dy/article/JQOO8QD80534A4SC.html
警方通报复旦一学生失联后死亡：符合溺水死亡特征,https://www.163.com/news/article/JQOLTENR0001899O.html
啄木鸟连续两年被3·15晚会点名后回应：放弃公关,https://www.163.com/news/article/JQOG32740001899O.html
多家沃尔沃4S店被终止授权 沃尔沃：厂商也是受害者,https://www.163.com/dy/article/JQN3LKPF05561G0D.html
公立医院用未获批＂免疫细胞＂治癌 一针超十万,https://www.163.com/news/article/JQNO0TRD00019B3E.html
315晚会揭手机抽奖疯狂敛财 公司号称一天流水20亿,https://www.163.com/news/article/JQNLCP5B0001899O.html
315揭露骚扰电话产业链 AI外呼机器人成骚扰电话帮凶,https://www.163.com/news/article/JQNKHMVB0001899O.html
315晚会揭露信息黑洞疯狂窃取个人隐私,https://www.163.com/news/article/JQNJM2PL0001899O.html
315晚会揭保水虾仁磷酸盐超标 部分商家超量添加保水剂,https://www.163.com/news/article/JQNHU6EH0001899O.html
315晚会揭露维修刺客啄木鸟：只开个水龙头收费100元,https://www.163.com/news/article/JQNHD54D0001899O.html
315晚会揭露一次性内裤不灭菌 工人徒手制作,https://www.163.com/news/article/JQNGNSVP0001899O.html
29岁赵莽成为武汉大学最年轻正教授 年薪60万,https://www.163.com/dy/article/JQMPQ6DV0514R9P4.html
男演员死亡多日邻居闻到味道报警 参演过《小李飞刀》,https://www.163.com/dy/article/JQN8GNS405561G0D.html
复旦博士凌晨离开宿舍区失联 好友称其这几天睡不好,https://www.163.com/dy/article/JQN6M01O05561G0D.html
云南多个乡镇快递点取件收3元跑腿费 有人靠它年赚20万,https://www.163.com/dy/article/JQKMV0VP053469M5.html
带偏瘫妻子跑车4年司机交新女友 女方42岁一直未婚,https://www.163.com/dy/article/JQMVPUGN0534P59R.html
男子买的新能源货车提车三天自燃 开瑞汽车：去起诉吧,https://www.163.com/dy/article/JQM8GM5E05561G0D.html
女子花18万做试管婴儿输卵管遭切除 卫健局称＂搞不定＂,https://www.163.com/dy/article/JQMQFIO20534P59R.html
江苏两名59岁厅官任上落马 一人曾因防疫不力受处分,https://www.163.com/dy/article/JQMB8E8E0530JPVV.html
男子半年举报商品问题十余次 被南京知名商超封卡拒入,https://www.163.com/news/article/JQMBPJL000019K82.html
飞龙-60A新型战斗部实测画面首次公开,https://www.163.com/dy/article/JQKT1NB50514R9OJ.html
辛巴带货＂给孩子吃的牛排＂被指是合成肉 销售额上千万,https://www.163.com/dy/article/JQMKLR600519DFFO.html
万亿央企新任总经理亮相 曾在宝钢集团工作多年,https://www.163.com/news/article/JQMJ9MCF0001899O.html
《哪吒2》冲进全球票房榜前五,https://www.163.com/news/article/JQMIOJ930001899O.html
蜜雪冰城门店被指用过夜水果切片卫生堪忧 被立案调查,https://www.163.com/dy/article/JQM9E2030530JPVV.html
小米SU7 Ultra上市2周:首批车主靠出租最高可日入万元,https://www.163.com/dy/article/JQKVGTAA05198CJN.html
7790个公共停车位＂卖＂了1.27亿 东莞大岭山镇最新回应,https://www.163.com/dy/article/JQL06LD405129QAF.html
男子开保时捷加油逃单 加油站大姐赔5百:工资才2800元,https://www.163.com/dy/article/JQKK1EU40514D3UH.html
媒体：沃尔玛被中方约谈后 美国网民的反应亮了,https://www.163.com/news/article/JQM2V50M0001899O.html
业主因不满物业用650元硬币缴费：对方3小时数了145元,https://www.163.com/dy/article/JQL38S4M051492T3.html
＂悬赏千万寻子＂富豪已认亲:儿子是研究生 祖坟冒青烟,https://www.163.com/news/article/JQL6B76C00019B3E.html
丈夫出轨女主播打赏100多万 法院判还2万:打赏是消费,https://www.163.com/dy/article/JQKNHKJN0514R9OJ.html
女子花140万买商铺结果无法正常营业：老公要跟我离婚,https://www.163.com/dy/article/JQKMB3B00534P59R.html
全国两会后首＂虎＂任上落马 曾经的下属至少两人被查,https://www.163.com/dy/article/JQKTFNKH0514BE2Q.html
男子花400多万买＂高铁房＂崩溃：2分钟一班 脑袋嗡嗡的,https://www.163.com/dy/article/JQKHF4F30514R9OJ.html
女柜员自称＂凑业绩＂向多人借380万后失联 银行:已开除,https://www.163.com/dy/article/JQKM1J1S05561G0D.html
苏州一局长当了两周外卖小哥 写下4000字心得,https://www.163.com/dy/article/JQKQT9VE0512DU6N.html
18岁小伙穿越鳌太线侥幸获救 付8万救援费顶格缴罚款,https://www.163.com/dy/article/JQKEP34B05561G0D.html
刻章公司中标政府35万元印章业务 被竞标者举报,https://www.163.com/dy/article/JQK9V72C05561G0D.html
女子高铁上被行李箱砸晕：箱主赔千元 铁路部门拒担责,https://www.163.com/news/article/JQKJ5E4500019B3E.html
车主称新换＂原厂原装＂车门一按就响 4S店：100%是原厂,https://www.163.com/dy/article/JQKG8PJB051492T3.html
女副院长担心被查患上抑郁症 报名舞蹈班缓解恐惧,https://www.163.com/dy/article/JQK87BL80534P59R.html
女子花4000元网购西施犬却收到＂串串＂ 卖家失联,https://www.163.com/dy/article/JQK1G9280514D3UH.html
垃圾围困浯屿岛蔓延至海洋 百余人清理已运出3600余袋,https://www.163.com/dy/article/JQIAS9M10514R9P4.html
女子被他人冒用信息13年背犯罪记录 1年多时间未消除,https://www.163.com/dy/article/JQK6UDMJ05561G0D.html
赵乐际：坚定不移推进祖国统一大业,https://www.163.com/news/article/JQK9K78D00018AOQ.html
张红文已不再担任合肥市委书记 曾长期在航天系统任职,https://www.163.com/dy/article/JQK3PTPH05129QAF.html
特斯拉：＂与百度合作改进辅助驾驶＂不属实,https://www.163.com/dy/article/JQK51PPM0519C6T9.html
董明珠称＂有人靠炒高股价成首富＂ 小米高管疑似回应,https://www.163.com/dy/article/JQK3PUHA05129QAF.html
贪婪腐化的两＂虎＂同日被处理 其中一人被批搞钱色交易,https://www.163.com/dy/article/JQJRNN95051482MP.html
将真鞋假鞋拆分＂混搭＂当正品卖 涉案超三千万团伙被抓,https://www.163.com/dy/article/JQHPUB1L0514R9P4.html
＂日本＂低糖电饭煲在电商平台热卖 实际产地在广东中山,https://www.163.com/dy/article/JQJN5HBL0514R9P4.html
＂顶流明星澳门输10亿＂系AI谣言 捏造谣言男子被拘8天,https://www.163.com/news/article/JQJNJ48G0001899O.html
华强北翻新机流入电商 老板：想多挣点 只能做手脚,https://www.163.com/dy/article/JQJL6VGF0512D3VJ.html
媒体:复旦文科招生比例＂降至20%＂ 是值得注意的风向标,https://www.163.com/dy/article/JQJIKHI20530WJTO.html
33岁退役军人和同事为救轻生男子均溺亡:车钥匙都没拔,https://www.163.com/dy/article/JQIC5RVO0550B6IS.html
75岁老人开法拉利倒车撞人称操作失误 检察官发现蹊跷,https://www.163.com/dy/article/JQI07KQJ0514EGPO.html
＂优质租客＂主动发工作证照 63岁阿姨学投资被骗300万,https://www.163.com/news/article/JQI2V3QR00019SNS.html
极越＂闪崩＂车主维权群里直言：维修件难找 开车很小心,https://www.163.com/dy/article/JQI6I6TO05561G0D.html
＂世界最大单跨钢梁门式刚构桥＂栏杆带电 当地回应,https://www.163.com/dy/article/JQHR682A053469M5.html
盒马千层蛋糕被指冻品当＂鲜品＂卖：实为10天前生产,https://www.163.com/dy/article/JQHU1N0505561G0D.html
新能源车主被充电枪“打脸”缝8针 小鹏汽车：属实,https://www.163.com/dy/article/JQHSRD1D05561G0D.html
涉新冠病毒溯源问题 外交部回应,https://www.163.com/news/article/JQHRG1SR0001899O.html
沃尔玛被约谈 商务部最新回应,https://www.163.com/dy/article/JQHQGRLR0534A4SC.html
全国政协原常委吴英杰被提起公诉,https://www.163.com/news/article/JQHP9QRH0001899O.html
四川发现10米石刻长龙疑是明清文物 当地介入,https://www.163.com/dy/article/JQHOR3FH051492T3.html
联想发声＂反内卷＂:反对996 大部分人都能准时下班,https://www.163.com/dy/article/JQHNOOEG0514R9P4.html
河南一乡镇公务员＂被老赖＂：工资存折被冻结 房被拍卖,https://www.163.com/dy/article/JQH7JLS905561G0D.html
湖北小伙登华山失联8天 亲属:在悬崖底疑发现他的背包,https://www.163.com/dy/article/JQH221740550B6IS.html
国安部：驻外公职人员嫖娼遭威胁 向间谍大量泄密,https://www.163.com/news/article/JQGVG63S000189PS.html
赖清德儿子被台退将批＂躲在美国不当兵＂ 引强烈不满,https://www.163.com/dy/article/JQGSPPHC0514R9OJ.html
高仿茅台也能通过官方APP认证 卖家:喝出假的倒赔10万,https://www.163.com/dy/article/JQFRR6P005561G0D.html
游轮服务员凌晨交班时意外坠江失联 家属：刚入职20天,https://www.163.com/dy/article/JQFUINO90514D3UH.html
中国驻刚果（布）大使李岩去世 终年52岁,https://www.163.com/dy/article/JQFO5LCP0514R9P4.html
正荣集团被申请破产审查 创始人曾是莆田地产首富,https://www.163.com/dy/article/JQFMM5ED05199NPP.html
300万买的兰博基尼多处有＂伤＂ 车主诉4S店索赔近千万,https://www.163.com/dy/article/JQFJ9VQ7051492T3.html
＂核物理学家刘畅从美回国＂上热搜 北大：已在2月入职,https://www.163.com/dy/article/JQFFDUCG051492T3.html
六旬博导因考核不合格怒发＂罪己诏＂ 校方发布情况说明,https://www.163.com/news/article/JQFFK3MU0001899O.html
女子760万买二手房住1年才知道是凶宅 一审判决：退房,https://www.163.com/dy/article/JQFDDLLV0550B6IS.html
理肤泉祛痘产品陷致癌风波 欧莱雅称不涉及中国市场,https://www.163.com/dy/article/JQFDJ1CP05199NPP.html
湖北大学拟花2亿买商品房当学生宿舍：系房企主动联系,https://www.163.com/dy/article/JQFCSOI90514BE2Q.html
几十元网购的＂万能电子钥匙＂能秒开电动汽车 专家提醒,https://www.163.com/dy/article/JQFACCSQ05561G0D.html
杨铭宇黄焖鸡就＂剩菜回收＂致歉：永久关闭涉事加盟店,https://www.163.com/dy/article/JQFAT6VV0512B07B.html
多地开新卡被限额转账最多1万元：有地还需派出所证明,https://www.163.com/dy/article/JQEERMCT0534A4SC.html
曹德旺谈福耀科技大学获批：开心是一回事 我压力巨大,https://www.163.com/dy/article/JQF6HND8055040N3.html
55岁男子花35万买双桨直升机：加满油后能续航40公里,https://www.163.com/dy/article/JQF7TP5C0514D3UH.html
院长把卫生院当＂私人提款机＂:保洁员1千的工资他要5百,https://www.163.com/dy/article/JQDDUQ420534P59R.html
海底捞回应＂火锅小便＂事件：4109桌全额退款10倍补偿,https://www.163.com/news/article/JQF10IDB0001899O.html
广州一老干部局招编外人员要求年龄50岁以上 官方回应,https://www.163.com/dy/article/JQF0L7OV053469M5.html
78岁大爷花近20万买保健品 亲切地称推销员＂干儿子＂,https://www.163.com/dy/article/JQEMVNGE05561G0D.html
30岁内地男子造假入读香港中文大学获刑,https://www.163.com/dy/article/JQEPBM9605129QAF.html
颜宁回应“任职山大”：学术委员会与任职无关,https://www.163.com/dy/article/JQDA2U800514R9P4.html
《政府工作报告》未提“和平统一” 国台办回应,https://www.163.com/dy/article/JQEMRMLQ0534A4SC.html
台当局清查公教人员是否有＂大陆身份＂ 台军成重点目标,https://www.163.com/dy/article/JQEBN4470514R9OJ.html
宝妈花4.8万请21岁月嫂 看监控发现其喂奶时猛摇男婴,https://www.163.com/dy/article/JQDFAQQT05561G0D.html
7天10位部委负责人亮相＂部长通道＂ 3人系＂新面孔＂,https://www.163.com/dy/article/JQDJK910051492T3.html
外卖小哥发现男子倒在路边 确认其没事后突然崩溃大哭,https://www.163.com/dy/article/JQDCTSTK0514R9OJ.html
吉林榆树局地遭遇10级大风袭击 有车被水泥电线杆砸中,https://www.163.com/dy/article/JQCT4FTH05561G0D.html
茅台原副总房国兴将刑满出狱 狱中获7个表扬减刑5个月,https://www.163.com/dy/article/JQD2K7LI05561G0D.html
空调污水倒灌致家里被淹 经销商：买了10年还让我负责,https://www.163.com/dy/article/JQCTVN8G0514EGPO.html
始祖鸟吊牌被炒到300元1张 有卖家翻新旧衣配吊牌出售,https://www.163.com/dy/article/JQD5NDKI0512B07B.html
小伙陪爬泰山1年收入30多万引热议 当事人:已考虑退出,https://www.163.com/dy/article/JQD3T3V1051492T3.html
广东多地严查＂全职＂顺风车：每日接单不可超3单,https://www.163.com/dy/article/JQD05PUQ051492T3.html
业主入住5年办不下来房产证：上百套房已被开发商抵押,https://www.163.com/dy/article/JQCOCECM05561G0D.html
国家体育总局局长：坚决抵制＂饭圈文化＂对体育的侵蚀,https://www.163.com/dy/article/JQCQVHFI0514R9P4.html
福耀科技大学首批设4个本科专业 在校生规模暂定8千人,https://www.163.com/dy/article/JQCNHPPO0514R9P4.html
媒体报道称中美领导人将于下月在中国会晤 外交部回应,https://www.163.com/dy/article/JQCMRU4T0514R9P4.html
苏州推出特色房贷业务：买房前5年每月只还100元本金,https://www.163.com/dy/article/JQCB3RSE0519DDQ2.html
十四届全国人大三次会议批准2025年中央预算,https://www.163.com/news/article/JQCL7R8T0001899O.html
十四届全国人大三次会议表决通过关于修改代表法的决定,https://www.163.com/news/article/JQCL11N00001899O.html
关于政府工作报告的决议表决通过,https://www.163.com/news/article/JQCKUREB000189PS.html
女子砍伤踹门打人邻居 检方：属正当防卫 不批准逮捕,https://www.163.com/dy/article/JQCHS2900530JPVV.html
43岁宝妈一年卖158套房年薪百万 最多一天卖了7套房,https://www.163.com/dy/article/JQCIJJNF0534P59R.html
宇树王兴兴演讲刷屏:高中英语及格3次 却拿下全球第一,https://www.163.com/dy/article/JQC4JJNA0534P59R.html
23岁中国留学生在荷兰失联超2周 本科毕业于清华,https://www.163.com/dy/article/JQC5I1D605561G0D.html
广西书记：缅北电诈把我们坑得比较苦 广西深受其害,https://www.163.com/dy/article/JQC4Q7A00530M570.html
媒体：王毅重申＂中国台湾省＂ 可见有人想将台湾拐骗走,https://www.163.com/dy/article/JQC0D7UI0550A0OW.html
男子4S店买路虎无法提车：交13万首付 车贷已还2个月,https://www.163.com/dy/article/JQBUBDD605561G0D.html
180斤＂胖哥＂登顶珠峰：每天负重爬24楼 被夸天赋异禀,https://www.163.com/dy/article/JQABA9OS053469M5.html
三连涨停后突然跌停 翻倍大牛股回应：不要轻信谣言,https://www.163.com/dy/article/JQAVLUPM0512B07B.html
实探实施＂强制下班令＂后的大疆:员工称电脑不能带回家,https://www.163.com/dy/article/JQAQQB3V0512B07B.html
女子投资19万加盟AI智习室半年零收入 官方已介入核查,https://www.163.com/dy/article/JQAMOHJF05561G0D.html
三亚试行酒店退订新规 有网友称目前预订仍＂不可取消＂,https://www.163.com/dy/article/JQAPL8A30512D3VJ.html
曾经家喻户晓的两款车型宣告停产 网友：一个时代结束,https://www.163.com/dy/article/JQ9M30OQ0530JPVV.html
就医无人签字 里赞代表：建议加快建立公共监护人制度,https://www.163.com/dy/article/JQACH30K051492T3.html
月薪4600女子每日花近百元跨市上班：想找拼车＂搭子＂,https://www.163.com/dy/article/JQAMQCFM0514TTN3.html
女子成西南首例＂戒酒芯片＂植入者：之前每天能喝3斤,https://www.163.com/dy/article/JQAK3GR80514D3UH.html
游客私自投喂＂未拆封鳕鱼肠＂ 致12只海龟紧急做胃镜,https://www.163.com/dy/article/JQAHAFNN05561G0D.html
访台大陆学生说＂中国台北队＂ 马英九遭台湾当局约谈,https://www.163.com/dy/article/JQAFFN1P0550B6IS.html
老人被口腔医院1次拔掉9颗牙送进ICU：医生让我不要叫,https://www.163.com/dy/article/JQ7LOG0H0514A42S.html
美的回应＂强制18点20分下班＂：一直反内卷,https://www.163.com/dy/article/JQA3P2QR0514R9P4.html
特朗普正考虑限制DeepSeek的措施 外交部回应,https://www.163.com/dy/article/JQA40AR10514R9P4.html
同一人拍下两个＂尾号77777777＂手机号 成交价超五百万,https://www.163.com/dy/article/JQA608PF0530WJIN.html
女子每天自驾110公里跨市上班:月薪4600元 通勤2160元,https://www.163.com/dy/article/JQA1ACIO0514D3UH.html
小米SU7 Ultra赛道首撞：车头受损严重 安全气囊弹出,https://www.163.com/dy/article/JQ9MAOMH05561G0D.html
103岁老奶奶去世：苦等丈夫80多年 丈夫定居新加坡,https://www.163.com/dy/article/JQ9HKMKF0514DRFR.html
女子只穿千元衣服 花1.7万元给丈夫买外套发现有问题,https://www.163.com/dy/article/JQ9IDJF80534P59R.html
上班族花16小时坐329个公交站环上海行：想释放压力,https://www.163.com/dy/article/JQ9HMGPJ0514R9P4.html
中国资产涨幅冠绝全球 韩国股民狂买A股,https://www.163.com/dy/article/JQ8CU50N053469RG.html
＂稚晖君＂智元机器人发布首个通用具身基座大模型GO-1,https://www.163.com/dy/article/JQ9H1NEP05198CJN.html
全国政协十四届三次会议闭幕,https://www.163.com/news/article/JQ9FDEJN0001899O.html
政协关于常务委员会工作报告的决议通过,https://www.163.com/news/article/JQ9DUP4M000189PS.html
湖南：不得询问或调查女性求职者婚育情况,https://www.163.com/dy/article/JQ98IQM30550B6IS.html
大疆＂强制9点下班＂上热搜 员工:人生第一次被赶出公司,https://www.163.com/dy/article/JQ86D74J0519DDQ2.html
吴彦祖卷新赛道教英语只要398 合作方股价大涨赢麻了,https://www.163.com/dy/article/JQ7DKS56053469M5.html
4位厅干任新职 其中1位进京履新,https://www.163.com/news/article/JQ79RFNF0001899O.html
解放军正告台当局:找＂洋主子＂买武器 不过是螳臂当车,https://www.163.com/news/article/JQ76B8M3000189PS.html
6名被骗至缅甸的香港人获救 邓炳强称不牵涉交赎金,https://www.163.com/dy/article/JQ73M2RE05129QAF.html
媒体:邓炳强离港去泰被质疑 港媒难道不知什么更重要,https://www.163.com/dy/article/JQ6S4FN40550A0OW.html
小米SU7 Ultra车主飙车近300公里/小时被抓 本人发声,https://www.163.com/dy/article/JQ6TA0SL0534FW6D.html
中方接连出台一系列反制措施 王毅谈中美关系连发5问,https://www.163.com/dy/article/JQ6LUL9K055040N3.html
知名金融大佬在大连去世 曾在多家金融机构任职,https://www.163.com/dy/article/JQ5TUQ3C0512B07B.html
姚明谈＂息屏24小时＂建议：我尝试过两次 确实有些焦虑,https://www.163.com/dy/article/JQ4PQS0L0514R9P4.html
美媒：中国两会上审议的一份报告 给美国＂敲响了警钟＂,https://www.163.com/news/article/JQ4Q0TBO0001899O.html
男子网购小熊摆件放店里被起诉索赔3万8：感觉很冤枉,https://www.163.com/dy/article/JQ2O9SR00534P59R.html
两会＂部长通道＂再迎＂新面孔＂ 韩俊亮相先通报＂好成绩＂,https://www.163.com/dy/article/JQ4K0J2I051482MP.html
奈雪的茶预计2024年亏损超8亿 净利润下滑超4500%,https://www.163.com/dy/article/JQ38AF6A05129QAF.html
最高检工作报告：去年＂恒大系＂案件42人被审查起诉,https://www.163.com/dy/article/JQ4CP9HO0514R9P4.html
正部级＂老虎＂孙志刚被两高点名：69岁落马 敛财超8亿,https://www.163.com/dy/article/JQ4D6PP4051482MP.html
最高法报告：缅北“明家”电诈案拟于两会后尽快宣判,https://www.163.com/dy/article/JQ4CI2BT0514R9P4.html
最高法工作报告再谈治理高额彩礼,https://www.163.com/news/article/JQ4CHFTO0001899O.html
最高法：失信名单人数10年来首次下降,https://www.163.com/news/article/JQ4C0PRQ0001899O.html
最高法工作报告点名杜兆才陈戌源李铁案,https://www.163.com/news/article/JQ4B4KPQ0001899O.html
最高法：对罪大恶极者从严从重从快惩处,https://www.163.com/news/article/JQ4AUVB00001899O.html
海尔总裁感谢网友关注 还宣布《海尔兄弟》会有续集,https://www.163.com/dy/article/JQ33DCAS0512B07B.html
中方将对加拿大菜子油、豌豆等加征100%关税,https://www.163.com/news/article/JQ48EV050001899N.html
考研名师何凯文就英语成绩造假致歉,https://www.163.com/news/article/JQ468OMF0001899N.html
全国人大代表何小鹏：汽车产业正在和机器人融合,https://www.163.com/news/article/JQ464QTK000189PS.html
男子将十万现金当垃圾丢掉 小区保洁阿姨翻垃圾桶找回,https://www.163.com/news/article/JQ45BQPU0001899O.html
女子收短信提示6年前停车费未缴 准备缴费时发现猫腻,https://www.163.com/dy/article/JQ2VC214051492LM.html
老人向女儿索要每月5000赡养费供养智残儿子 法院驳回,https://www.163.com/dy/article/JQ2QJ9B90514EGPO.html
拆快递时遭遇飞来横祸 男子眼球被几十根细刺扎入,https://www.163.com/dy/article/JQ29KSIJ0514R9OJ.html
海尔集团CEO与雷军同台表情包爆火 本人:我也被逗笑了,https://www.163.com/dy/article/JQ2RV0E205129QAF.html
站在雷军背后表情可爱的老总意外走红 身份大有来头,https://www.163.com/dy/article/JQ2HJO9G0550A0OW.html
