商标专享注册,880.00
商标优享注册,1680.00
商标畅享注册,3580.00
商标注册+设计优越版,3798.00
商标注册+设计尊享版,3998.00
外观专利专享申请,1100.00
实用新型专享申请,2500.00
实用新型无忧申请,4500.00
发明专利专享申请,4999.00
发明专利无忧申请,16800.00
版权普通登记,598.00
版权加急登记,998.00
国家版权普通登记,998.00
国家版权加急登记,2000.00
软件著作权专享登记,800.00
商标变更,580.00
商标续展,1200.00
商标转让,1000.00
商标注销,500.00
商标许可备案,800.00
商标驳回复审,3500.00
无忧驳回复审,4200.00
商标异议申请,3500.00
商标异议答辩,3500.00
商标无效宣告,4000.00
有限公司注册,499.00
香港公司服务,6000.00
美国公司注册,6000.00
个体工商注册,600.00
有限合伙注册,800.00
公司注销,1500.00
注册资本变更,500.00
银行变更,500.00
同区地址变更,500.00
经营范围变更,500.00
代账1个月体验,68.00
小规模代理记账,2000.00
代理记账2年送1年,4008.00
经营账外包,12000.00
发票查验,5.00
商品条形码,2980.00
进出口权,2500.00
食品经营许可证,1500.00
ICP许可证,4000.00
人力资源服务许可证,5000.00
自然人代开,费用面议
合规解决企业无票支出,19999.00
注册公司享地方补贴,29999.00
企业品牌logo设计,999.00
品牌VI设计,1580.00
LOGO设计企业品牌商标设计,399.00
logo标志IP形象吉祥物表情包,488.00
公司品牌LOGO升级,988.00
品牌包装设计食品包装盒礼盒插画设计产品包装袋设计,1500.00
包装设计食品包装盒手提袋,1998.00
包装设计插画食品袋子饮料瓶贴,1200.00
手提袋食品包袋袋设计,1599.00
食品包装袋包装盒设计瓶贴标签,1200.00
品牌画册设计产品手册折页,120.00
宣传单/折页设计,180.00
海报产品活动招商手册宣传册折页,149.00
宣传册手册单页折页设计,200.00
宣传品设计宣传册产品排版封面三折页,200.00
PPT制作招商演讲汇,70.00
商业计划书,4500.00
商务卡片设计,200.00
汇报路演PPT定制设计,100.00
形象墙设计企业墙设计文化墙设计,100.00
公司企业网站建设,102.00
响应式营销型网站定制,3588.00
网站定制网站制作设计,2500.00
电商网站门户网站外贸网站营销网站,2000.00
极速建站工具,1880.00
原生APP定制开发,12000.00
APP原生开发社交电商,988.00
APP开发原生物流物联网,200.00
APP定制开发跑腿送,3658.00
APP开发直播教育团购点餐外卖,9600.00
商城小程序（成品版）,13000.00
微信小程序定制作公众号商城,1000.00
分销商城本地生活婚姻家政社区预约医疗,1000.00
小程序开发商城分销教育家政公众号,1200.00
小程序开发微信H5商城预约点餐物流,800.00
数据分析管理系统开发,15000.00
仓储物流系统TMS/OMS/ERP,50000.00
管理系统OA/CRM/ERP定制,899.00
智慧医疗软件开发,2900.00
软件开发经营软件,3000.00
网站UI设计,1950.00
网页网站美工/APP小程序UI,200.00
游戏/APP/软件界面UI设计,200.00
APP软件界面网页网站UI设计,500.00
管理系统界面UI设计,200.00
