伊曲康唑胶囊,1.妇科：外阴阴道念珠菌病。2....,￥80.5
盐酸特比萘芬片,由皮肤癣菌如毛癣菌（红色毛癣...,￥108.5
沙利度胺片,皮肤病治疗药，控制瘤型麻风反...,￥50.3
伊曲康唑胶囊,深部真菌感染如芽生菌病、组织...,￥37.5
盐酸左西替利嗪片,荨麻疹、过敏性鼻炎、湿疹、皮...,￥19
复方氨肽素片,用于银屑病（牛皮癣）。,￥93
盐酸氮芥酊,用于白癜风、银屑病等。,￥62.4
氢醌乳膏,黄褐斑、雀斑及炎症后色素沉着...,￥468
祛白酊,祛风通络，调和气血。用于气血...,￥57.9
盐酸特比萘芬片,本品适用于 1. 由毛癣菌（红色...,￥56
阿维A胶囊,"本品用于治疗以下疾病:
1.严重...",￥154
皮肤病血毒丸,清血解毒，消肿止痒。用于经络...,￥16
复方聚维酮碘搽剂,本品用于足癣、体癣、头癣、花...,￥66
花蛇解痒胶囊,祛风清热，凉血止痒。用于血热...,￥21.2
润伊容胶囊,傣医：别菲解逼，兵休占，兵那...,￥1092.5
化瘀祛斑胶囊,疏风清热，活血化瘀。用于黄褐...,￥70.5
阿达帕林凝胶,本品适用于以粉刺、丘疹和脓疱...,￥51.1
复方薄荷脑软膏,本品用于由伤风感冒所致的鼻塞...,￥28.5
积雪苷片,有促进创伤愈合作用。积雪苷片...,￥24.8
积雪苷霜软膏,有促进创伤愈合作用。用于治疗...,￥28.1
丹青胶囊,清热凉血养血活血祛风止痒。用...,￥54
转移因子胶囊,用于治疗某些抗生素难以控制的...,￥14.8
咪喹莫特乳膏,外生殖器和肛周尖锐湿疣。,￥155
乌龙散,调和营卫，活血祛风，健脾益肾...,￥65.2
地奈德乳膏,适用于对皮质类固醇治疗有效的...,￥28.1
复方丙酸氯倍他索软膏,本品用于寻常性银屑病。,￥43
白灵片,活血化瘀，增加光敏作用。用于...,￥120.1
聚甲酚磺醛栓,1.妇科：用于宫颈糜烂、宫颈炎...,￥27.3
复方卡力孜然酊,具有温肤散寒、祛风燥湿、舒经...,￥96.6
伊曲康唑口服液,-治疗HIV阳性或免疫系统损害患...,￥695
盐酸阿莫罗芬乳膏,用于治疗皮肤及粘膜浅表真菌感...,￥35.7
炔雌醇环丙孕酮片,治疗育龄妇女雄激素敏感所致的...,￥55
硝酸舍他康唑乳膏,由皮真菌、酵母菌、念珠菌、曲...,￥17.8
清热暗疮片,清热解毒，凉血散瘀。用于痤疮...,￥21.8
五妙水仙膏,本品具有去腐生新，清热解毒的...,￥192.7
湿润烧伤膏,清热解毒，止痛，生肌。用于各...,￥59.3
消银片,清热凉血，养血润燥，祛风止痒...,￥52.7
复方白芷酊,祛风，活络，消斑。适用于气血...,￥108
重组人表皮生长因子外用溶液(Ⅰ),①难愈性创面的治疗，如足靴区...,￥85.3
头孢地尼分散片,对头孢地尼敏感的葡萄球菌属、...,￥17.8
肤痔清软膏,清热解毒，化瘀消肿，除湿止痒...,￥53.7
除湿止痒软膏,清热除湿，祛风止痒。用于急性...,￥28.9
法罗培南钠片,由葡萄球菌、链球菌、肺炎球菌...,￥175
复方木尼孜其颗粒,复方木尼孜其颗粒能调节体液及...,￥43.9
皮敏消胶囊,祛风除湿，清热解毒，凉血止痒...,￥73.5
磷霉素氨丁三醇散,用于对本品敏感的致病菌所引起...,￥183.8
重组牛碱性成纤维细胞生长因子外用溶液,促进创面愈合，用于烧伤创面(...,￥47
丙酸氟替卡松乳膏,1.适用于成人各种皮质激素可缓...,￥36.4
盐酸特比萘芬喷雾剂,用于治疗手癣、足癣、体癣、...,￥24
盐酸布替萘芬乳膏,主要用于由絮状癣菌、红色癣菌...,￥12.9
甘霖洗剂,清热除湿、祛风止痒。用于风湿...,￥36.5
酞丁安搽剂,本品适用于治疗单纯疱疹、带状...,￥49.5
复方醋酸曲安奈德溶液,用于过敏性皮炎，神经性皮炎，...,￥15.5
复方珍珠暗疮片,清热解毒，凉血通脉。用于消除...,￥23
复方聚维酮碘搽剂,1.用于足癣、体癣、头癣、花斑...,￥70
玫芦消痤膏,清热燥湿，杀虫止痒。用于痤疮...,￥75.8
五维甘草那敏胶囊,用于过敏性鼻炎、湿疹、荨麻疹...,￥33.2
维胺酯胶囊,本品用于治疗重、中度痤疮，对...,￥22.4
百癣夏塔热片,清除异常粘液质、胆液质，消肿...,￥14
足光散,清热燥湿，杀虫敛汗。用于湿热...,￥5.5
金花消痤丸,清热泻火，解毒消肿。用于肺胃...,￥62
羌月乳膏,祛风，除湿，止痒，消肿。适用...,￥29
盐酸特比萘芬喷雾剂,用于治疗手癣、足癣、体癣、股...,￥27
十味乳香丸,干黄水。用于四肢关节红肿疼痛...,￥70
聚维酮碘乳膏,1.皮肤科用药：用于化脓性皮炎...,￥109
尿素维E乳膏,用于手足皲裂。也可用于角化型...,￥8.4
百癣夏塔热片,清除异常粘液质、胆液质，消肿...,￥19.5
红霉素软膏,用于脓疱疮等化脓性皮肤病、小...,￥2.8
红霉素软膏,用于脓疱疮等化脓性皮肤病、小...,￥1.4
尿素乳膏,用于手足皲裂；也可用于角化型...,￥5
水杨酸苯酚贴膏,用于鸡眼,￥8.8
复方氢溴酸东莨菪碱贴膏,用于防治乘车、船和飞机引起的...,￥7.8
盐酸特比萘芬乳膏,用于治疗手癣、足癣、体癣、股...,￥9.6
疗癣卡西甫散,清除碱性异常粘液质，燥湿，止...,￥20.3
复方柳唑气雾剂,用于体癣、手癣、足癣。,￥35
曲安奈德益康唑乳膏,1.伴有真菌感染或有真菌感染倾...,￥4.6
硝酸咪康唑乳膏,用于体癣、股癣、手癣、足癣、...,￥33.5
氟芬那酸丁酯软膏,本品为非甾体类抗炎药物，对非...,￥15
酞丁安乳膏,用于单纯疱疹，带状疱疹；也可...,￥65
十味乳香丸,干黄水。用于四肢关节红肿疼痛..., 
曲安奈德益康唑乳膏,1.伴有真菌感染或有真菌感染倾...,￥18.3
糠酸莫米松乳膏,用于湿疹、神经性皮炎、异位性...,￥18.5
莫匹罗星软膏,本品为局部外用抗生素，适用于...,￥18.7
酮康他索乳膏,主要用于皮肤浅表真菌感染，如...,￥7.8
复方樟脑乳膏,用于虫咬皮炎、湿疹、瘙痒症、...,￥24
发用洗剂,用于治疗和预防多种真菌引起的...,￥51.7
维胺酯维E乳膏,用于痤疮。,￥19
酮康唑乳膏,用于手癣、足癣、体癣、股癣及...,￥18
复方醋酸地塞米松乳膏,用于局限性瘙痒症、神经性皮炎...,￥11.5
消炎癣湿药膏,杀菌、收湿、止痒。用于头癣、...,￥22
足光散,清热燥湿，杀虫敛汗。用于湿热...,￥12.1
甲硝唑凝胶,用于炎症性丘疹、脓疱疮、酒渣...,￥18
润燥止痒胶囊,养血滋阴，祛风止痒，润肠通便...,￥42.8
除疤膏,软坚散结，活血消疤。用于因烧...,￥168.5
云南白药创可贴,止血，镇痛，消炎，愈创。用于...,￥7.8
消风止痒颗粒,消风清热，除湿止痒。主治丘疹...,￥13.8
异维A酸凝胶,本品适用于局部寻常痤疮、粉刺...,￥38.2
复方维生素B12溶液,放射性皮肤灼伤Ⅱ-Ⅲ°合并创面...,￥40
他扎罗汀凝胶,本品适用于治疗寻常性斑块型银...,￥62.6
乌洛托品溶液,用于手足多汗及腋臭（狐臭）。,￥7.8
喷昔洛韦乳膏,口唇，面部单纯疱疹，生殖器疱...,￥16.3
白癜风胶囊,益气行滞，活血解毒，利湿消斑...,￥23.5
头孢丙烯颗粒,用于敏感菌所致的下列轻、中度...,￥11.8
盐酸左氧氟沙星片,本品适用于敏感细菌引起的下列...,￥7.6
百癣夏塔热胶囊,清除异常粘液质，胆液质及败血...,￥49
驱白巴布期片,通脉，理血。用于白热斯（白癜...,￥118
苏孜阿甫片,活血化瘀、理气、开窍、增加皮...,￥53.9
增抗宁颗粒,益气健脾，养阴生津，清热，并...,￥36.5
柳烯酸溶液喷雾剂,主要用于治疗手足癣、体股癣、...,￥30.6
伊曲康唑颗粒,本品适用于治疗以下疾病：1.妇...,￥28
吡硫翁锌气雾剂,适用于银屑病，脂溢性皮炎，皮...,￥343.7
盐酸特比萘芬片,适用于：1.由毛癣菌、犬小孢子...,￥18
硝酸咪康唑散,用于真菌与酵母菌引起的指（趾...,￥21.5
炉甘石洗剂,用于急性瘙痒性皮肤病，如荨麻...,￥8.1
乌蛇止痒丸,养血祛风，燥湿止痒。用于皮肤...,￥16.5
薄芝片,本品为治疗硬皮病、红斑狼疮、...,￥31.1
糠酸莫米松乳膏,用于湿疹、神经性皮炎、异位性...,￥19
复方酮康唑软膏,用于体癣，手、足癣，股癣。,￥11.2
七味姜黄搽剂,清热祛湿，活血消痤。用于湿热...,￥67
白蚀丸,补益肝肾，活血祛瘀，养血驱风...,￥30.4
盐酸多塞平乳膏,用于慢性单纯性苔癣，局限性瘙...,￥13.9
外搽白灵酊,活血化瘀，增加光敏作用。用于...,￥80.2
荆肤止痒颗粒,祛风、除湿，清热解毒、止痒。...,￥40.5
复方珊瑚姜溶液尿素咪康唑软膏复合制剂,虫、止痒。复方珊瑚姜溶液尿素...,￥68
盐酸伐昔洛韦分散片,用于治疗水痘带状疱疹及Ⅰ型、...,￥28.5
盐酸特比萘芬片,由皮真菌如发癣菌(红色发癣菌...,￥24
他卡西醇软膏,用于寻常性银屑病(俗称牛皮癣),￥76.9
百癣夏塔热片,清除异常粘液质、胆液质，消肿...,￥22
酮康唑洗剂,本品用于治疗和控制头皮屑及其...,￥30.4
水杨酸软膏,适应症：本品用于头癣、足癣及...,￥1.4
复方倍氯米松樟脑乳膏,具有消炎、镇痛、止痒、抗菌、...,￥11.6
无极膏,具有消炎、镇痛、止痒、抗菌、...,￥2.6
复方苦参水杨酸散,用于手、足癣。,￥8.5
复方倍氯米松樟脑乳膏,具有消炎、镇痛、止痒、抗菌、...,￥12.5
克林霉素甲硝唑搽剂,用于寻常痤疮，也可用于脂溢性...,￥15.2
珊瑚癣净,杀菌，止痒。用于脚癣、手癣、...,￥21.2
防风通圣丸,解表通里，清热解毒。用于外寒...,￥12.5
克罗米通乳膏,用于治疗疥疮及皮肤瘙痒。,￥5.2
斑秃丸,滋补肝肾，益精养血，祛风生发...,￥6.8
肤痒颗粒,祛风活血，除湿止痒。用于皮肤...,￥9
醋酸曲安奈德益康唑乳膏,1.皮炎、湿疹。2.浅表皮肤真菌...,￥13.8
维生素B6软膏,用于痤疮、酒渣鼻、脂溢性湿疹...,￥3.5
克林霉素磷酸酯凝胶,因敏感所致寻常痤疮。,￥12.4
曲咪新乳膏,用于湿疹、接触性皮炎、脂溢性...,￥13
鬼臼毒素软膏,男、女外生殖器及肛门周围部位...,￥99
雷公藤内酯软膏,治疗银屑病（牛皮癣）。,￥44
重组人表皮生长因子外用溶液(Ⅰ),1.难愈性创面的治疗，如足靴区...,￥178
复方青黛胶囊,清热解毒，化瘀消斑，祛风止痒...,￥35.6
新肤螨灵软膏,杀螨止痒，用于治疗痤疮。,￥40.5
克银丸,清热解毒，祛风止痒。用于皮损...,￥47
儿肤康搽剂,清热除湿，祛风止痒。用于儿童...,￥45.8
薄芝糖肽注射液,用于进行性肌营养不良、萎缩性...,￥118.5
复方醋酸氟轻松酊,皮肤外用药。适用于神经性皮炎...,￥35
曲安奈德注射液,1、风湿性、类风湿性关节炎；2...,￥9
他扎罗汀乳膏,本品适用于外用治疗寻常性斑块...,￥20.3
金蝉止痒胶囊,清热解毒，燥湿止痒。用于湿热...,￥25.2
五妙水仙膏,本品具有去腐生新，清热解毒的...,￥102.7
酞丁安乳膏,用于带状疱疹、单纯疱疹，对尖...,￥9
丙酸氟替卡松乳膏,1.成人：适用于各种皮质激素可...,￥43
灭活埃希的松软膏,痔顽固的并发症，如肛门区域的...,￥46.2
鱼石脂软膏,用于疖肿。,￥10
依巴斯汀片,适用于伴有或不伴有过敏性结膜...,￥32
联苯苄唑乳膏,用于手癣、足癣、体癣、股癣、...,￥14.6
二硫化硒洗剂,用于去头屑、头皮脂溢性皮炎、...,￥13.8
脾氨肽口服液,本品可用于过敏性鼻炎及慢性乙...,￥95.5
伊曲康唑胶囊,1、妇科：外阴阴道念珠菌病。2...,￥31.8
异维A酸胶丸,适用于重度痤疮，尤其适用于结...,￥28.5
环吡酮胺乳膏,用于手癣、足癣、体癣、股癣、...,￥12.4
维A酸乳膏,本品用于寻常痤疮及角化异常性...,￥15.4
复方青黛丸,清热解毒，化瘀消斑，祛风止痒...,￥28.8
片仔癀,清热解毒、凉血化瘀，消肿止痛...,￥1853.3
腋臭粉,辞秽、除臭。用于腋臭。,￥314
复方苦参洗剂,清热解毒，燥湿止痒，杀虫灭菌...,￥14.1
消银颗粒,清热凉血，养血润燥，祛风止痒...,￥98.3
竹红菌素软膏,调节肌体局部组织代谢机能，促...,￥163.3
注射用胸腺法新,1.慢性乙型肝炎。2.作为免疫损...,￥116.2
华佗膏,杀菌止痒。用于癣症湿气，脚趾...,￥4.9
复方土槿皮酊,杀菌，止痒。适用于趾痒、皮肤...,￥17.5
如意金黄散,清热解毒，消肿止痛。用于热毒...,￥21.2
黑豆馏油软膏,消炎，收敛，止痒。用于神经性...,￥17.6
清凉油,驱风镇痛，消炎止痒，清凉。主...,￥3.1
连翘败毒丸,清热解毒，消肿止痛。用于热毒...,￥9.8
龙珠软膏,清热解毒，消肿止痛，祛腐生肌...,￥30
朵肤牌祛斑胶囊,美容(祛黄褐斑),￥368
醋酸曲安奈德益康唑乳膏,1皮炎、湿疹。2浅表皮肤真菌病...,￥15
复方苯佐卡因凝胶,适用于复发性口腔溃疡的止痛及...,￥28.8
克霉唑乳膏,用于单纯疱疹或带状疱疹感染。,￥3.6
复方氨肽素片,用于银屑病（牛皮癣）。,￥35.7
复方酮康唑软膏,本品主要用于皮肤浅表真菌感染...,￥4.1
牛鲜茶,凉血活血，滋阴润燥，祛风止痒...,￥138
盐酸克林霉素凝胶,寻常性痤疮。,￥16.2
糠酸莫米松乳膏,用于湿疹、神经性皮炎、异位性...,￥24
马来酸氯苯那敏片,本品适用于皮肤过敏症：荨麻疹...,￥6.7
硝酸咪康唑乳膏,用于体癣、股癣、手癣、足癣、...,￥3.5
复方酮康唑软膏,本品主要用于皮肤浅表真菌感染...,￥9.7
氯雷他定糖浆,用于缓解过敏性鼻炎有关的症状...,￥32
复方醋酸氯己定喷剂,用于痱子及其继发感染。,￥5
曲咪新乳膏,用于湿疹、接触性皮炎、脂溢性...,￥23.5
过氧苯甲酰凝胶,寻常痤疮的局部治疗。,￥2
维胺酯胶囊,本品用于治疗重、中度痤疮，对...,￥30.2
阿昔洛韦乳膏,用于单纯疱疹或带状疱疹感染,￥14.8
舒乐搽剂,清热除湿，消风止痒。用于减轻...,￥21.5
复方珍珠暗疮片,清热解毒，凉血通脉。用于消除...,￥52.3
聚维酮碘溶液,本品经稀释后供阴道灌洗用或用...,￥27
肤舒止痒膏,清热燥湿，养血止痒。用于血热...,￥29.5
擦癣药水,祛风，解毒，止痒。用于风癣，...,￥205
白蚀丸,补益肝肾，活血祛瘀，养血驱风..., 
白丹搽剂,祛风除湿，活血解毒。适用于外..., 
盐酸特比萘芬喷雾剂,用于治疗敏感真菌所致的手癣、...,￥13
水杨酸复合洗剂,用于真菌感染引起的手、足癣。,￥19.5
无极膏,具有消炎、镇痛、止痒、抗菌、...,￥15
复方醋酸地塞米松乳膏,用于局限性瘙痒症、神经性皮炎...,￥0.8
复方酮康唑发用洗剂,用于治疗和预防多种真菌引起的...,￥12.6
红霉素软膏,用于脓疱疮等化脓性皮肤病、小...,￥3
红霉素软膏,用于脓疱疮等化脓性皮肤病、小...,￥1.6
丁酸氢化可的松乳膏,本品为皮肤科用药类非处方药药...,￥17
酮康唑洗剂,本品用于治疗和控制头皮屑及其...,￥17.6
足光散,清热燥湿，杀虫敛汗。用于湿热...,￥7.2
复方鱼肝油氧化锌软膏,本品用于急慢性皮炎、湿疹、冻...,￥4.6
红霉素软膏,用于脓疱疮等化脓性皮肤病、小...,￥1.2
氧化锌升华硫软膏,本品用于痤疮、酒渣鼻。,￥596
曲安奈德益康唑乳膏,1.伴有真菌感染或有真菌感染倾...,￥14
炉甘石洗剂,用于各种皮疹，如荨麻疹、痱子...,￥8.2
克林霉素磷酸酯1溶液,用于治疗寻常痤疮。,￥36
复方醋酸地塞米松乳膏,用于局限性瘙痒症、神经性皮炎...,￥3.9
复方酮康唑软膏,用于体癣，手、足癣，股癣。,￥14.6
乳酸依沙吖啶溶液,用于外伤创面及感染创面的消毒...,￥6.2
水杨酸软膏,用于头癣、足癣及局部角质增生...,￥48
甲硝唑凝胶,局部外用药，用于炎症性丘疹、...,￥106.9
外用无敌膏,驱风祛湿，祛瘀活血，消肿止痛...,￥11.9
甘油,用于气相色谱固定液及有机合成...,￥3.3
红霉素软膏,用于脓疱疮等化脓性皮肤病、小...,￥39
硼酸洗液,可用于皮肤、粘膜损害的清洁剂...,￥45
复方倍氯米松樟脑乳膏,具有消炎、镇痛、止痒、抗菌、...,￥23.1
过氧苯甲酰凝胶,寻常痤疮的局部治疗。,￥8
黑豆馏油凝胶,消炎，收敛，止痒，使角质再生...,￥10.9
珍黄片,清热解毒，消肿止痛。用于咽喉..., 
盐酸特比萘芬溶液,用于手癣、足癣、股癣、体癣、..., 
硝酸咪康唑乳膏,适用于治疗体癣、股癣、手癣、..., 
莫匹罗星软膏,该药品为局部外用抗生素，适用..., 
盐酸西替利嗪片,用于季节性或常年性过敏性鼻炎...,￥8.2
硝酸益康唑乳膏,用于皮肤念珠菌病的治疗；亦可...,￥13.9
硝酸益康唑喷雾剂,用于皮肤念珠菌病的治疗；亦可...,￥39.9
聚维酮碘溶液,用于化脓性皮炎、皮肤真菌感染...,￥18
华佗膏,杀菌止痒。用于癣症湿气，脚趾...,￥4.6
红霉素软膏,用于脓疱疮等化脓性皮肤病、小...,￥4.1
冻疮膏,用于冻疮。,￥12.8
盐酸特比萘芬乳膏,用于治疗手癣、足癣、体癣、股...,￥18.2
养荣祛斑膏,消斑润肤，用于面部黄褐斑、轻...,￥157
复方硝酸咪康唑软膏,本品适用于体股癣、手足癣及虫...,￥12.5
复方硝酸咪康唑软膏,本品适用于体股癣、手足癣及虫...,￥16
曲安奈德益康唑乳膏,1.伴有真菌感染或有真菌感染倾...,￥14.7
盐酸金霉素软膏,用于敏感金黄色葡萄球菌、化脓...,￥18.5
硝酸益康唑喷雾剂,用于皮肤念珠菌病的治疗；亦可...,￥22.5
磺胺嘧啶银乳膏,本品用于预防或治疗Ⅱ、Ⅲ度烧...,￥15.9
曲安奈德益康唑乳膏,1.伴有真菌感染或有真菌感染倾..., 
硝酸银软膏,本品主要用于防止烧伤创面的浅...,￥27
膦甲酸钠乳膏,用于免疫功能损害患者对阿昔洛...,￥25.3
异维A酸胶丸,适用于重度痤疮，尤其适用于结...,￥28
重组人干扰素α1b滴眼液,重组人干扰素α1b滴眼液是目前...,￥22.3
疤痕止痒软化乳膏,本品用于活血柔皮，除湿止痒。...,￥76
驱虫斑鸠菊注射液,熟化和清除异常粘液质，湿肤着...,￥131
补骨脂注射液,温肾扶正。用于治疗白癜风、银...,￥50
排毒清脂胶囊,化瘀降脂，通便消痤。用于浊淤...,￥32.8
疗癣卡西甫丸,清除碱性异常粘液质，燥湿，止...,￥51.1
硫唑嘌呤片,1．急慢性白血病，对慢性粒细...,￥51
肤芩洗剂,抗炎、镇痛作用；对阴道滴虫、...,￥8.5
复方克霉唑乳膏(Ⅱ),用于真菌病，如手癣、足癣、股...,￥11.5
他克莫司软膏,适用于因潜在危险而不宜使用传...,￥104.9
白癜风胶囊,益气行滞，活血解毒，利湿消斑...,￥152
那氟沙星乳膏,寻常性痤疮、毛囊炎、脓疱疮。,￥74
阿达帕林凝胶,本品适用于以粉刺、丘疹和脓疱...,￥25.9
硝酸益康唑溶液,用于皮肤念珠菌病的治疗；亦可...,￥15
硝酸咪康唑乳膏,1.由皮真菌、酵母菌及其他真菌...,￥1.8
复方愈创蓝油烃软膏,用于烫伤、灼伤、皲裂、冻疮、...,￥7.8
氯雷他定胶囊,用于缓解过敏性鼻炎有关的症状...,￥13
足光散,清热燥湿，杀虫敛汗。用于湿热...,￥11.9
黄蒲洁肤洗剂,清热燥湿，杀虫止痒。适用于湿...,￥28.9
复方酮康唑软膏,用于体癣，手、足癣，股癣。,￥2.5
复方酮康唑发用洗剂,用于治疗和预防多种真菌引起的...,￥9.4
红霉素软膏,于脓疱疮等化脓性皮肤病、小面...,￥2.6
水杨酸苯酚贴膏,用于鸡眼。,￥1.6
糠酸莫米松乳膏,适用于对皮质类固醇治疗有效的...,￥11.6
复方甘草酸苷片,治疗慢性肝病，改善肝功能异常...,￥20.9
荨麻疹丸,清热祛风，除湿止痒。用于风，...,￥4
樟脑薄荷柳酯乳膏,用于头痛、头昏、虫咬、蚊叮、...,￥11.6
乌洛托品溶液,用于手足多汗及腋臭（狐臭）的...,￥164.9
他扎罗汀倍他米松乳膏,本品适用于治疗慢性斑块型银屑..., 
氧化锌软膏,用于急性或亚急性皮炎，湿疹、...,￥23.5
联苯苄唑溶液,浅表皮肤真菌感染，如：手足癣...,￥6.1
红霉素软膏,本品为皮肤科用药类非处方药药...,￥2.1
曲咪新乳膏,用于湿疹、接触性皮炎、脂溢性...,￥7.7
马来酸氯苯那敏片,本品适用于皮肤过敏症：荨麻疹...,￥8.2
氟轻松维B6乳膏,1.各类湿疹：急、慢性湿疹、婴...,￥10
复方倍氯米松樟脑乳膏,具有消炎、镇痛、止痒、抗菌、...,￥5
复方酮康唑发用洗剂,用于治疗和预防多种真菌引起的...,￥7.3
林可霉素利多卡因凝胶,用于轻度烧伤，创伤及蚊虫叮咬...,￥7.5
酮康唑乳膏,用于手癣、足癣、体癣、股癣及...,￥5.8
炉甘石洗剂,用于各种皮疹，如荨麻疹、痱子...,￥20
曲安奈德益康唑乳膏,1.伴有真菌感染或有真菌感染倾...,￥25
疗癣卡西甫散,清除碱性异常粘液质，燥湿，止...,￥3.2
舒肤止痒酊,暂无数据,￥19
硝酸咪康唑乳膏,用于体癣、股癣、手癣、足癣、..., 
硝酸咪康唑乳膏,用于体癣、股癣、手癣、足癣、..., 
磺胺嘧啶银软膏,局部用于预防及治疗Ⅱ、Ⅲ度烧...,￥8.2
酮康唑乳膏选灵（10g）,用于手癣、足癣、体癣、股癣、...,￥15
克霉唑涂膜,用于体癣、股癣、手癣、足癣。,￥7.1
盐酸特比萘芬乳膏,用于手癣、足癣、体癣、股癣及...,￥20.6
复方酮康唑发用洗剂,用于治疗和预防多种真菌引起的...,￥9.4
尿素维E乳膏,用于手足皲裂。也可用于角化型...,￥8.5
冻疮膏,用于冻疮。,￥28
曲安奈德益康唑乳膏,适用于手足癣，体癣，股癣，花...,￥8.6
盐酸特比萘芬乳膏,用于治疗手癣、足癣、体癣、股...,￥18
联苯苄唑溶液,浅表皮肤真菌感染，如：手足癣...,￥29.9
药制龟苓膏,滋阴降火，清热解毒。用于湿热...,￥2.6
炉甘石洗剂,用于急性瘙痒性皮肤病，如荨麻...,￥11
盐酸特比萘芬凝胶,烯丙胺类抗真菌药物，适用于治...,￥16
硝酸咪康唑乳膏,用于体癣、股癣、手癣、足癣、...,￥62.9
盐酸特比萘芬乳膏,用于治疗手癣、足癣、体癣、股..., 
盐酸特比萘芬喷雾剂,用于治疗手癣、足癣、体癣、股..., 
酮康唑乳膏,用于手癣、足癣、体癣、股癣、...,￥15.8
百癣夏塔热片,清除异常粘液质、胆液质，消肿...,￥24.2
复方水杨酸溶液,用于手癣、足癣、体癣、股癣。,￥9
复方土槿皮酊,杀菌，止痒。适用于趾痒、皮肤...,￥2.4
红霉素软膏,用于脓疱疮等化脓性皮肤病、小...,￥3.2
尿素维E乳膏,用于手足皲裂。也可用于角化型...,￥7.3
克霉唑溶液,用于体癣、股癣、手癣、足癣、...,￥1.4
克霉唑溶液,用于体癣、股癣、手癣、足癣、...,￥2
参皇乳膏,用于手足皲裂、脂溢性皮炎、寻...,￥15
达克罗宁氯己定硫软膏,本品用于疥疮。,￥16.6
水杨酸复合洗剂,本品用于真菌感染引起的手、足...,￥2.8
尿素乳膏,本品用于手足皲裂；也可用于角...,￥8.6
尿素维E乳膏,用于手足皲裂。也可用于角化型...,￥1.8
硝酸益康唑乳膏,本品适用于皮肤念珠菌病的治疗...,￥3
香荷止痒软膏,驱风止痛，止痒。本品用于风火...,￥10
酮康唑乳膏,用于手癣、足癣、体癣、股癣、..., 
酮康唑乳膏,用于手癣、足癣、体癣、股癣、...,￥10
酞丁安乳膏,"用于单纯疱疹、带状疱疹,也可...",￥7.5
复方水杨酸搽剂,用于手癣、足癣、体癣、股癣。,￥5.8
复方酮康唑发用洗剂,用于治疗和预防多种真菌引起的...,￥29
洁身洗液,清热解毒，燥湿杀虫。适用于湿...,￥46.8
硫软膏,"用于疥疮,头癣,痤疮,脂溢性皮炎...",￥3.7
硫软膏,用于疥疮，头癣，痤疮，脂溢性...,￥1.4
曲咪新乳膏,用于湿疹、接触性皮炎、脂溢性...,￥4
尿素维E乳膏,用于手足皲裂。也可用于角化型...,￥5.6
红霉素软膏,用于脓疱疮等化脓性皮肤并小面...,￥2.5
硝酸益康唑喷雾剂,用于皮肤念珠菌病的治疗；亦可...,￥39.9
风油精,消炎、镇痛，清凉、止痒，驱风...,￥6
硝酸咪康唑乳膏,用于体癣、股癣、手癣、足癣、...,￥4.2
盐酸特比萘芬搽剂,用于治疗手癣、足癣、体癣、股...,￥23.5
硝酸咪康唑乳膏,用于体癣、股癣、手癣、足癣、...,￥3.8
盐酸特比萘芬凝胶,用于治疗手癣、足癣、股癣、体...,￥16
复方醋酸曲安奈德溶液,适用于过敏性皮炎、神经性皮炎...,￥8.4
盐酸特比萘芬凝胶,用于治疗手癣、足癣、股癣、体...,￥18.9
硝酸益康唑喷雾剂,用于皮肤念珠菌病的治疗；亦可...,￥31.9
丁苯羟酸乳膏,用于湿疹和神经性皮炎。,￥14.2
盐酸萘替芬乳膏,适用于体股癣、手足癣、头癣、...,￥16.4
盐酸特比萘芬乳膏,用于治疗手癣、足癣、体癣、股...,￥62.9
马来酸氯苯那敏片,本品适用于皮肤过敏症：荨麻疹...,￥0.9
氟轻松维B6乳膏,1.各类湿疹：急、慢性湿疹、婴...,￥8.8
林可霉素利多卡因凝胶,用于轻度烧伤、创伤及蚊虫叮咬...,￥3.8
曲安奈德益康唑乳膏,1.由皮肤癣菌、酵母菌和霉菌所...,￥15.8
曲安奈德益康唑乳膏,1.伴有真菌感染或有真菌感染倾...,￥16.5
酮康唑洗剂,本品用于治疗和控制头皮屑及其...,￥40.9
盐酸特比萘芬凝胶,用于手癣、足癣、股癣、体癣、...,￥22.6
防风通圣丸,解表通里，清热解毒。用于外寒...,￥10.4
鱼鳞病片,养血，祛风，通络。用于鱼鳞病...,￥118
桃红清血片,调和气血，化瘀消斑。用于气血...,￥31.3
硝酸益康唑喷雾剂,"用于手癣,足癣,股癣,体癣,花癍...",￥17
酞丁安乳膏,1.用于带状疱疹、单纯疱疹，对...,￥3.8
复方酮康唑软膏,本品主要用于皮肤浅表真菌感染...,￥11.2
氯雷他定片,用于缓解过敏性鼻炎有关的症状...,￥5
联苯苄唑溶液,浅表皮肤真菌感染，如：手足癣...,￥12
氯雷他定片,用于缓解过敏性鼻炎有关的症状...,￥3
硝酸咪康唑乳膏,适用于脚癣、手癣、体癣、及外...,￥9.5
曲咪新乳膏,用于湿疹、接触性皮炎、脂溢性...,￥8.4
硫软膏,"用于疥疮,头癣,痤疮,脂溢性皮炎...",￥24
氧化锌软膏,本品用于急性或亚急性皮炎、湿...,￥5.6
创灼膏,拔毒生肌。用于轻度水火烫伤，...,￥15
硝酸咪康唑乳膏,用于体癣、股癣、手癣、足癣、...,￥3.6
复方酮康唑发用洗剂,用于治疗和预防多种真菌引起的...,￥36.5
风油精,消炎、镇痛，清凉、止痒，驱风..., 
维儿康洗液,暂无数据, 
乌洛托品溶液,用于手足多汗及腋臭（狐臭）。, 
克林霉素磷酸酯凝胶,因敏感所致寻常痤疮。,￥18.2
碘酊,用于皮肤感染和消毒。,￥25
硝酸咪康唑乳膏,1、由皮真菌、酵母菌及其他真...,￥3
人胎盘组织液,本品主要用于治疗妇科、皮肤科...,￥25
丁酸氢化可的松乳膏,用于过敏性皮炎、脂溢性皮炎、...,￥31.6
联苯苄唑凝胶,用于治疗各种皮肤真菌病，如手...,￥17
乳酸左氧氟沙星片,适用于敏感菌引起的：1.泌尿生...,￥5.8
除湿止痒洗液,清热除湿，祛风止痒。用于急性...,￥30.3
复方参子洗剂,清热解毒，燥湿止痒，杀虫灭菌...,￥6.5
盐酸赛庚啶片,用于过敏性疾病，如荨麻疹、丘...,￥3
复方醋酸地塞米松乳膏,主要用于过敏性和自身免疫性炎...,￥3.4
曲咪新乳膏,本品用于皮肤湿疹、接触性皮炎...,￥2.6
水杨酸苯酚贴膏,用于鸡眼。,￥7.5
肤痒颗粒,祛风活血，除湿止痒。用于皮肤...,￥17.4
和兴白花油,头晕头痛、伤风鼻塞、感冒不适...,￥21
除疤膏,软坚散结，活血消疤。用于因烧...,￥103.5
重组牛碱性成纤维细胞生长因子外用溶液,促进创面愈合，用于烧伤创面（...,￥10
酞丁安乳膏,用于单纯疱疹、带状疱疹；也可...,￥10.4
碘酊,用于皮肤感染和消毒。,￥3
复方醋酸地塞米松乳膏,用于神经性皮炎、接触性皮炎、...,￥19
碘酊,用于皮肤感染和消毒。,￥3.5
白花油,疏风止痒，理气止痛，消疲提神...,￥4
白花油,疏风止痒，理气止痛，消疲提神...,￥2.6
克霉唑溶液,用于体癣、股癣、手癣、足癣、...,￥22
茵花洗液,清热除湿，杀虫止痒。适用于妇...,￥5
风油精,消炎、镇痛，清凉、止痒，驱风...,￥7.8
复方醋酸地塞米松乳膏,本品用于神经性皮炎、接触性皮...,￥2.2
复方倍氯米松樟脑乳膏,本品适用于虫咬皮炎、丘疹性荨...,￥7.8
蟹黄肤宁软膏,本品用于清热燥湿，杀虫止痒。...,￥14.5
酮康唑乳膏,用于手癣、足癣、体癣、股癣及...,￥6.4
硝酸咪康唑乳膏,用于体癣、股癣、手癣、足癣、...,￥17.5
硝酸咪康唑乳膏,用于体癣、股癣、手癣、足癣、..., 
盐酸氯环利嗪乳膏,用于丘疹性荨麻疹、皮肤瘙痒症...,￥49
复方新霉素软膏,用于脓疱疮等化脓性皮肤病及小...,￥5.1
马来酸氯苯那敏片,本品适用于皮肤过敏症：荨麻疹...,￥1.6
薄荷麝香草酚搽剂,用于痱子、虫咬、蚊叮、皮肤瘙...,￥7.7
曲咪新乳膏,用于湿疹、接触性皮炎、脂溢性...,￥20.5
紫归治裂膏,活血，生肌，止痛。用于手足皲...,￥3.5
头孢丙烯分散片,用于敏感菌所致的下列轻、中度...,￥3.8
复方倍氯米松樟脑乳膏,本品适用于虫咬皮炎、丘疹性荨...,￥5.5
热痱搽剂,护肤止痒。用于痱子、急性湿疹...,￥2
硝酸益康唑乳膏,用于皮肤念珠菌病的治疗，亦可...,￥25.1
复方土槿皮酊,杀菌，止痒。适用于趾痒、皮肤...,￥7.8
酮康唑乳膏,用于手癣、足癣、体癣、股癣、..., 
复方酮康唑软膏,用于体癣，手、足癣，股癣。, 
芩连片,清热解毒，消肿止痛。用于脏腑..., 
盐酸特比萘芬凝胶,用于治疗手癣、足癣、股癣、体..., 
酮康唑乳膏,用于手癣、足癣、体癣、股癣及..., 
盐酸左氧氟沙星胶囊,适用于敏感菌引起的：1．泌尿...,￥8.5
复方醋酸地塞米松乳膏,用于神经性皮炎、接触性皮炎、...,￥5.5
硫软膏,用于疥疮、头癣、痤疮、脂溢性...,￥1.6
马来酸氯苯那敏片,本品适用于皮肤过敏症：荨麻疹...,￥1
复方麝香草酚撒粉,用于痱子、汗疱疹及皮肤瘙痒症...,￥2
酞丁安乳膏,1．用于带状疱疹、单纯疱疹，...,￥2
复方醋酸地塞米松乳膏,用于神经性皮炎、接触性皮炎、...,￥8.4
红霉素软膏,用于脓疱疮等化脓性皮肤病、小...,￥10
克霉唑溶液,用于体癣、股癣、手癣、足癣、...,￥10.8
马来酸氯苯那敏片,本品适用于皮肤过敏症：荨麻疹...,￥24.2
复方醋酸地塞米松乳膏,本品用于神经性皮炎、接触性皮..., 
尿素维E乳膏,本品用于手足皲裂；也可用于角..., 
尿素维E乳膏,本品用于手足皲裂；也可用于角..., 
水杨酸苯酚贴膏,用于鸡眼, 
复方酮康唑软膏,主要用于皮肤浅表真菌感染，如..., 
复方酮康唑发用洗剂,用于治疗和预防多种真菌引起的..., 
阿莫西林克拉维酸钾分散片(2∶1),本品适用于敏感菌引起的各种感...,￥32
阿达帕林凝胶,本品适用于以粉刺、丘疹和脓疱...,￥29
外用重组牛碱性成纤维细胞生长因子,促进创面愈合，用于烧伤创面(...,￥116
复方曲安奈德乳膏,用于过敏性皮炎、湿疹、神经性...,￥19
复方吲哚美辛酊,用于日光性皮炎、接触性皮炎、...,￥21
复方氯己定含漱液,用于牙龈炎、冠周炎、口腔黏膜...,￥15.5
复方酮康唑乳膏,主要用于皮肤浅表真菌感染，如...,￥16.3
联苯苄唑乳膏,用于治疗各种皮肤真菌病，如手...,￥13.5
氧氟沙星凝胶,用于敏感细菌所致的皮肤软组织...,￥6.4
曲安奈德新霉素贴膏,用于局限性神经性皮炎、慢性湿...,￥129.4
克霉唑乳膏,用于体癣、股癣、手癣、足癣、...,￥2.9
阿昔洛韦乳膏,用于单纯疱疹或带状疱疹感染,￥1.6
倍他米松新霉素乳膏,用于治疗接触性皮炎、过敏性皮...,￥9.9
哈西奈德溶液,本品用于接触性湿疹、异位性皮...,￥5
外用重组人粒细胞巨噬细胞刺激因子凝胶,促进创面愈合，用于深II度烧伤...,￥145
盐酸达克罗宁胶浆,局部麻醉药。用于上消化道内窥...,￥510
林可霉素利多卡因凝胶,用于轻度烧伤、创伤及蚊虫叮咬...,￥2.4
硝酸咪康唑溶液,用于体癣、股癣、手、足癣、花...,￥15.4
硫软膏,用于疥疮、头癣、痤疮、脂溢性...,￥6.5
克霉唑溶液,用于体癣、股癣、手癣、足癣、...,￥1.5
白花油,疏风止痒，理气止痛，消疲提神...,￥5
酮康唑乳膏,用于手癣、足癣、体癣、股癣、...,￥10
硫软膏,用于疥疮，头癣，痤疮，脂溢性...,￥8.5
复方酮康唑软膏,用于体癣，手、足癣，股癣,￥4
复方酮康唑发用洗剂,用于治疗和预防多种真菌引起的...,￥35
硝酸咪康唑乳膏,用于体癣、股癣、手癣、足癣、...,￥118
氧化锌硫软膏,"本品用于皮炎,湿疹.",￥10
盐酸特比萘芬乳膏,用于由皮肤真菌、酵母菌及其它...,￥22
肝素钠乳膏,血肿、肿胀、瘀斑、疼痛；炎性...,￥10.2
硝酸咪康唑乳膏,本品用于体癣、股癣、手癣、足...,￥18.3
盐酸布替萘芬凝胶,主要用于由真菌等引起的足趾癣..., 
复方酮康唑软膏,用于体癣，手、足癣，股癣。, 
盐酸特比萘芬溶液,用于手癣、足癣、股癣、体癣、...,￥35
乳酸左氧氟沙星氯化钠注射液,本品适用于敏感细菌所引起的下...,￥12
氟康唑胶囊,本品主要用于以下适应症中病情...,￥98.9
曲安奈德新霉素贴膏,用于局部性神经性皮炎，慢性湿...,￥16.6
丁酸氢化可的松乳膏,用于过敏性皮炎、脂溢性皮炎、...,￥311
复方肝素钠尿囊素凝胶,肥厚性瘢痕和瘢痕疙瘩；继发于...,￥12
盐酸特比萘芬乳膏,用于治疗手癣、足癣、体癣、股...,￥36.8
十味乳香丸,干黄水。用于四肢关节红肿疼痛...,￥29.5
银屑灵颗粒,祛风燥湿、清热解毒、活血化瘀...,￥22
阿奇霉素肠溶胶囊,⒈呼吸系统感染；⒉泌尿系统感...,￥14.5
复方氟米松软膏,本品适用于对皮质类固醇治疗有...,￥12
夫西地酸乳膏,本品主治由葡萄菌、链球菌、痤...,￥7596
和兴白花油,头晕头痛、伤风鼻塞、感冒不适...,￥10
阿达木单抗注射液,"类风湿关节炎
本品与甲氨蝶呤...",￥27.9
过氧苯甲酰凝胶,寻常痤疮的局部治疗。, 
消风止痒颗粒,消风清热，除湿止痒。主治丘疹..., 
肤痒颗粒,祛风活血，除湿止痒。用于皮肤...,￥1.6
复方水杨酸溶液,用于手癣、足癣、体癣、股癣。,￥4.1
硝酸咪康唑乳膏,用于体癣、股癣、手癣、足癣、...,￥8.2
紫归治裂膏,活血，生肌，止痛。用于手足皲...,￥3
硫软膏,用于疥疮，头癣，痤疮，脂溢性...,￥9.7
马来酸氯苯那敏片,本品适用于皮肤过敏症：荨麻疹...,￥10.8
氟轻松维B6乳膏,1.各类湿疹：急、慢性湿疹、婴...,￥2.1
复方醋酸地塞米松乳膏,本品适用于神经性皮炎、慢性湿...,￥25
马来酸氯苯那敏片,本品适用于皮肤过敏症：荨麻疹...,￥12
复方联苯苄唑溶液,用于手癣、足癣、股癣、体癣、...,￥13
复方酮康唑软膏,用于体癣，手癣，足癣，股癣。,￥8
盐酸特比萘芬乳膏,用于治疗手癣、足癣、体癣、股...,￥1.5
复方酮康唑软膏,用于体癣，手、足癣，股癣。,￥8
硝酸咪康唑乳膏,用于体癣、股癣、手癣、足癣、...,￥49.8
硝酸咪康唑乳膏,用于体癣、股癣、手癣、足癣、..., 
皂白散,主治清热燥湿，杀虫止痒。适用..., 
阿昔洛韦乳膏,用于单纯疱疹或带状疱疹感染,￥1.7
复方土槿皮酊,杀菌，止痒。适用于趾痒、皮肤...,￥8
甘油醇溶液,用于滋润皮肤，防止干燥皲裂。,￥1.8
曲咪新乳膏,用于湿疹、接触性皮炎、脂溢性...,￥1.2
曲咪新乳膏,用于湿疹、接触性皮炎、脂溢性...,￥10
酮康唑乳膏,用于手藓、足藓、体藓、股藓、...,￥1.5
无极膏,具有消炎、镇痛、止痒、抗菌、...,￥3.2
防风通圣丸,解表通里，清热解毒。用于外寒...,￥7.4
复方醋酸地塞米松乳膏,本品适用于神经性皮炎、慢性湿...,￥13
复方醋酸地塞米松乳膏,本品用于神经性皮炎、接触性皮...,￥20.4
尿素乳膏,本品用于手足皲裂；也可用于角...,￥8
肤痒颗粒,祛风活血，除湿止痒。用于皮肤..., 
碘酊,用于皮肤感染和消毒, 
酮康唑乳膏,用于手癣、足癣、体癣、股癣、..., 
冻疮膏,用于冻疮。, 
紫归治裂膏,活血，生肌，止痛。用于手足皲..., 
碘酊,用于皮肤感染和消毒。,￥7
过氧苯甲酰乳膏,用于寻常痤疮。,￥1
乳酸依沙吖啶溶液,供感染性皮肤疾患冷湿敷用。,￥5
酞丁安搽剂,本品适用于治疗单纯疱疹、带状...,￥22.8
水杨酸苯酚软膏,用于鸡眼。,￥11
硫磺硼砂乳膏,用于脂溢性皮炎、疥疮、痤疮以..., 
硝酸益康唑软膏,本品适用于皮肤念珠菌病的治疗..., 
克霉唑溶液,用于体癣、股癣、手癣、足癣、..., 
复方醋酸地塞米松乳膏,本品用于神经性皮炎、接触性皮..., 
复方醋酸地塞米松乳膏,用于神经性皮炎、接触性皮炎、..., 
复方醋酸地塞米松乳膏,本品用于神经性皮炎、接触性皮..., 
酞丁安搽剂,本品适用于治疗单纯疱疹、带状..., 
硫软膏,用于疥疮、头癣、痤疮、脂溢性..., 
三七片,用于外伤出血，跌扑肿痛。, 
碘酊,用于皮肤感染和消毒。, 
酞丁安乳膏,1.用于带状疱疹、单纯疱疹，对..., 
弹性火棉胶,用于小伤口（割伤、擦伤、甲剥...,￥99
复方黄柏祛癣搽剂,清热燥湿，祛风杀虫，收敛止痒...,￥23.3
郁金银屑片,疏通气血，软坚消积，清热解毒...,￥87.5
沙利度胺片,皮肤病治疗药。用于控制瘤型麻...,￥8
联苯苄唑喷雾剂,浅表皮肤真菌感染，如：手足癣...,￥75.2
注射用阿莫西林钠舒巴坦钠,本品含β-内酰胺酶抑制剂-舒巴...,￥4.4
复方克罗米通乳膏,本品适用于治疗神经性皮炎、皮...,￥26.5
复方醋酸地塞米松凝胶,本品用于神经性皮炎、接触性皮...,￥27.8
硼酸软膏,本品用于轻度、小面积急性湿疹...,￥41
盐酸洛美沙星乳膏,用于敏感细菌所致皮肤病。适用..., 
甲硝唑维B6片,用于各种厌氧菌感染:如败血病..., 
美诺平颗粒,用于肺热血瘀所致寻常型痤疮。, 
呋喃西林乳膏,用于轻度化脓性皮肤病。, 
盐酸特比萘芬喷雾剂,用于治疗敏感真菌所致的手癣、..., 
林可霉素利多卡因凝胶,用于轻度烧伤、创伤及蚊虫叮咬..., 
异维A酸软胶囊,"适用于重型痤疮,尤其适用于结...", 
氨苄西林胶囊,本品适用于敏感致病菌所致的下...,￥7.8
复方水杨酸搽剂,用于手癣、足癣、体癣、股癣。,￥1.5
碘酊,用于皮肤感染和消毒。,￥1.9
林可霉素利多卡因凝胶,用于轻度烧伤、创伤及蚊虫叮咬...,￥8.2
酞丁安搽剂,本品适用于治疗单纯疱疹、带状...,￥26
复方苦参水杨酸散,用于手、足癣。,￥11.9
维胺酯维E乳膏,用于痤疮。,￥9.5
酮康唑乳膏,用于手癣、足癣、体癣、股癣、...,￥6.8
万通炎康片,疏风清热，解毒消肿。用于外感...,￥13
紫归治裂膏,活血，生肌，止痛。用于手足皲...,￥0.4
酞丁安乳膏,用于带状疱疹、单纯疱疹，对尖...,￥8
参皇乳膏,用于手足皲裂、脂溢性皮炎、寻...,￥16
复方酮康唑软膏,本品主要用于皮肤浅表真菌感染..., 
酮康唑乳膏,用于手癣、足癣、体癣、股癣及..., 
硝酸咪康唑乳膏,用于体癣、股癣、手癣、足癣、..., 
参皇软膏,"毛周角化症,鱼鳞癣, 手足皱裂,...", 
马来酸氯苯那敏片,本品适用于皮肤过敏症:荨麻疹...,￥3.2
复方十一烯酸锌软膏,用于手癣、足癣、体癣及股癣。,￥11.2
鱼石脂颠茄软膏,用于治疗痔疮。,￥96.5
盐酸苯海拉明片,用于皮肤黏膜的过敏，如荨麻疹...,￥3.4
盐酸环丙沙星乳膏,适用于由敏感菌所致的各种感染..., 
老鹳草软膏,用于湿毒蕴结所致的湿疹，痈、..., 
呋喃西林乳膏,用于轻度化脓性皮肤病。, 
脚气散,燥湿，止痒。用于脚癣，趾间糜..., 
消炎癣湿药膏,杀菌、收湿、止痒。用于头癣、..., 
脚气散,燥湿，止痒。用于脚癣，趾间糜..., 
硝酸益康唑喷雾剂,用于皮肤念珠菌病的治疗；亦可..., 
冰霜痱子粉,除湿止痒。用于夏令痱子，刺痒..., 
松花散,燥湿收敛。用于湿疹，尿布性皮..., 
复方水杨酸冰片软膏,本品用于手癣、足癣、体癣。, 
硝酸奥昔康唑乳膏,用于治疗由皮真菌、酵母菌及其..., 
炉甘石洗剂,用于急性瘙痒性皮肤病，如湿疹..., 
氯碘羟喹乳膏,主要用于皮肤﹑粘膜真菌病，如...,￥21.4
克霉唑溶液,用于体癣、股癣、手癣、足癣、...,￥1.5
硫软膏,用于疥疮，头癣，痤疮，脂溢性...,￥1.5
外用溃疡散,生肌，收敛。用于口舌生疮，溃...,￥21
复方醋酸地塞米松乳膏,本品用于神经性皮炎、接触性皮...,￥4.4
硝酸益康唑乳膏,本品适用于皮肤念珠菌病的治疗...,￥1.4
硝酸咪康唑乳膏,用于体癣、股癣、手癣、足癣、...,￥15
聚维酮碘溶液,用于化脓性皮炎、皮肤真菌感染...,￥19
酞丁安乳膏,用于单纯疱疹、带状疱疹；也可...,￥0.6
硝酸益康唑乳膏,本品适用于皮肤念珠菌病的治疗...,￥3.7
硝酸咪康唑乳膏,用于体癣、股癣、手癣、足癣、...,￥48.2
硝酸咪康唑乳膏,用于体癣、股癣、手癣、足癣、..., 
林可霉素利多卡因凝胶,用于轻度烧伤、创伤及蚊虫叮咬..., 
烫疮油,清热止痛，解毒消肿，生肌；用..., 
硫软膏,用于疥疮、头癣、痤疮、脂溢性..., 
林可霉素利多卡因凝胶,用于轻度烧伤、创伤及蚊虫叮咬..., 
盐酸金霉素软膏,用于脓疱疮等化脓性皮肤病，轻...,￥18
盐酸特比萘芬乳膏,抗真菌药，适用于由皮肤真菌、...,￥7
樟脑醑,用于瘙痒性皮肤病，纤维组织炎...,￥50
联苯苄唑凝胶,咪唑类广谱抗真菌药，用于手足...,￥2
联苯苄唑溶液,"浅部真菌病如皮肤癣,念珠菌病...",￥78
酞丁安乳膏,1．用于带状疱疹、单纯疱疹，...,￥15
复方醋酸地塞米松乳膏,用于局限性瘙痒症、神经性皮炎...,￥7
散结灵胶囊,散结消肿，活血止痛。用于阴疽...,￥18.5
葡萄糖酸氯己定软膏,用于轻度小面积烧伤、烫伤、外...,￥3.2
克林霉素磷酸酯凝胶,用于治疗寻常痤疮。,￥22
硝酸咪康唑乳膏,用于体癣、股癣、手癣、足癣、...,￥8.4
盐酸布替萘芬乳膏,主要用于由絮状癣菌、红色癣菌..., 
克霉唑溶液,用于体癣、股癣、手癣、足癣、..., 
复方苯甲酸酊,外用抗真菌药，可治疗浅表真菌..., 
珍黄胶囊(珍黄丸),清热解毒，消肿止痛。用于咽喉..., 
甲硝唑凝胶,用于炎症性丘疹、脓疱疮、酒渣..., 
氨肽素片,用于原发性血小板减少性紫癫、...,￥8.5
鬼臼毒素酊,用于男、女外生殖器及肛门周围...,￥100
灰黄霉素片,本品适用于各种癣病的治疗，包...,￥11.2
硝酸益康唑溶液,"用于手癣,足癣,股癣,体癣,花斑...",￥14
盐酸左氧氟沙星乳膏,用于治疗脓疱疮、疖疮、毛囊炎...,￥189.8
卡泊三醇软膏,寻常性银屑病（牛皮癣）,￥25.4
维生素B6软膏,用于痤疮、酒渣鼻、脂溢性湿疹...,￥154.5
克罗米通乳膏,本品用于治疗疥疮及皮肤瘙痒。, 
百癣夏塔热片,清除异常粘液质、胆液质，消肿..., 
五花茶颗粒,清热，凉血，解毒。用于湿热蕴..., 
复方南板蓝根颗粒,消炎解毒。用于咽炎、疮疖肿痛..., 
银屑胶囊,祛风解毒。用于银屑病。, 
复方水杨酸搽剂,用于手癣、足癣、体癣、股癣。, 
硝酸益康唑溶液,用于皮肤念珠菌病的治疗；亦可..., 
他克莫司软膏,本品适用于因潜在危险而不宜使..., 
醋酸氯己定软膏,用于疖肿，小面积烧伤、烫伤、..., 
白癜风胶囊,益气行滞，活血解毒，利湿消斑...,￥1.3
复方水杨酸搽剂,用于手癣、足癣、体癣、股癣。,￥10
醋酸氟轻松冰片乳膏,用于皮炎、湿疹、银屑病、非特...,￥53.9
稀甘油,用于防治手足皲裂。, 
马来酸氯苯那敏片,本品适用于皮肤过敏症：荨麻疹..., 
小儿复方麝香草酚撒粉,本品适用于小儿痱子。, 
克痤隐酮乳膏,抑制皮脂腺分泌及痤疮杆菌生长..., 
苯扎溴铵溶液,用于手术前皮肤消毒，粘膜和伤..., 
硫软膏,用于疥疮、头癣、痤疮、脂溢性..., 
六神凝胶,清凉解毒，消炎止痛。用于痈疡..., 
硝酸咪康唑乳膏,用于体癣、股癣、手癣、足癣、..., 
过氧苯甲酰乳膏,用于寻常痤疮。, 
环吡酮胺,用于手癣、足癣、体癣、股..., 
盐酸金霉素软膏,用于脓疱疮等化脓性皮肤病，轻..., 
联苯苄唑凝胶,用于治疗各种皮肤真菌病，如手..., 
尿素,用于皮肤角化症、手足皲裂..., 
哈西奈德溶液,接触性湿疹、异位性皮炎、神经...,￥4.5
灰黄霉素片,本品适用于各种癣病的治疗，包...,￥7
复方维A酸凝胶,适用于炎症性痤疮。,￥34.4
罗浮山百草油,祛风解毒，消肿止痛。用于感冒...,￥19
罗红霉素胶囊,本品适用于化脓性链球菌引起的...,￥5
碘酊,用于皮肤感染和消毒。,￥5.1
甲磺酸培氟沙星乳膏,用于治疗敏感菌引起的细菌感染..., 
水杨酸苯甲酸松油搽剂,用于足癣。, 
碘酊,用于皮肤感染和消毒。, 
碘酊,用于皮肤感染和消毒。, 
三七片,用于外伤出血，跌扑肿痛。, 
碘酊,用于皮肤感染和消毒。, 
复方十一烯酸锌软膏,用于手癣、足癣、体癣及股癣。, 
碘酊,用于皮肤感染和消毒。, 
水杨酸苯甲酸松油搽剂,用于足癣。, 
聚维酮碘溶液,用于化脓性皮炎、皮肤真菌感染..., 
丙酸倍氯米松乳膏,适用于过敏性与炎症性皮肤病和...,￥3.2
盐酸多塞平乳膏,用于慢性单纯性苔癣，局限性瘙...,￥35.1
那氟沙星乳膏,寻常性痤疮、毛囊炎、脓疱疮。,￥35
复方克霉唑乳膏,本品适用于治疗白念珠菌所致的...,￥6.5
复方乳酸乳膏,用于过敏性皮炎、湿疹、神经性...,￥19
盐酸环丙沙星凝胶,广谱抗菌药，用于治疗脓疱疮、...,￥5.5
新霉素氟轻松乳膏,用于过敏性皮炎、亚急性慢性湿...,￥3.6
复方硫黄乳膏,用于脂溢性皮炎、疥癣、痤疮、...,￥23
外用冻干重组人酸性成纤维细胞生长因子,本品用于下述创面，以促进创面...,￥114.1
聚甲酚磺醛溶液,由皮炎，丘疹，手足，痱子，灰...,￥20.8
复方甘草酸苷注射液,治疗慢性肝病，改善肝功能异常...,￥59.5
疗癣卡西甫丸,清除碱性异常粘液质，燥湿，止...,￥33.1
丙酸倍他米松乳膏,用于过敏性皮炎、湿疹、神经性...,￥8
聚维酮碘溶液,用于化脓性皮炎、皮肤真菌感染...,￥130.5
他克莫司软膏,本品适用于因潜在危险而不宜使..., 
二硫化硒,用于去头屑、皮脂溢出、头皮脂..., 
硝酸咪康唑胶囊,适用于全身念珠菌、霉菌、隐球...,￥8.4
哈西奈德乳膏,接触性湿疹、异位性皮炎、神经...,￥3.3
酮康唑胶囊,本品适用于下列系统性真菌感染...,￥13.9
鱼石脂软膏,用于疖肿。,￥5.2
鱼石脂软膏,用于疖肿。,￥2.6
金奥力牌芦荟软胶囊,增强免疫力,￥64
头孢克洛胶囊,本品主要用于由敏感菌所致呼吸...,￥14.6
利巴韦林片,适用于呼吸道合胞病毒引起的病...,￥4.6
克霉唑乳膏,用于单纯疱疹或带状疱疹感染。,￥1.1
乙氧苯柳胺软膏,本品适用于慢性湿疹及神经性皮...,￥21
复方氨肽素片,用于银屑病（牛皮癣）。用于原...,￥40.5
利拉萘酯乳膏,用于足癣，体癣，股癣的治疗。,￥30
肤疾洗剂,"解毒杀虫,止痒收敛,活血祛瘀。...",￥12.8
复方土荆皮凝胶,主要用于抑制表皮霉菌及止痒，...,￥23.7
百癣夏塔热分散片,清除异常粘液质、胆液质及败血...,￥36.5
外用应急软膏,消肿，止痛，抗感染，促进伤口...,￥29.7
盐酸特比萘芬片,用于治疗敏感真菌所致的手癣、...,￥42
盐酸萘替芬溶液,适用于敏感真菌所引起的皮肤真...,￥8.4
银屑灵膏,祛风燥湿、清热解毒、活血化於...,￥22.2
克痒敏醑,收敛止痒，消炎解毒。用于急慢...,￥37.5
盐酸萘替芬软膏,适用于体股癣、手足癣、头癣、...,￥9
复方水杨酸溶液,用于手癣、足癣、体癣、股癣。, 
克霉唑溶液,用于体癣、股癣、手癣、足癣、..., 
复方醋酸氟轻松酊,本品适用于神经性皮炎。对银屑..., 
复方五倍子水杨酸搽剂,本品用于手癣、足癣、体癣、头..., 
桉油尿素乳膏,本品用于手足皮肤皲裂，也可用..., 
清凉油,驱风镇痛，消炎止痒，清凉。主..., 
三七片,用于外伤出血，跌扑肿痛。, 
三七片,用于外伤出血，跌扑肿痛。, 
苯扎溴铵溶液,用于手术前皮肤消毒，粘膜和伤..., 
硫磺硼砂乳膏,用于脂溢性皮炎、疥疮、痤疮以..., 
硫磺硼砂乳膏,用于脂溢性皮炎、疥疮、痤疮以..., 
盐酸环丙沙星乳膏,广谱抗菌药。用于治疗脓疱疮、...,￥9
盐酸林可霉素软膏,适用于外科烧伤及敏感菌所引起...,￥3
注射用转移因子,1.用于治疗某些抗生素难以控制...,￥15
环吡酮胺乳膏,用于手癣、足癣、体癣、股癣、...,￥6.2
甲氧沙林片,白癜风、牛皮癣（银屑病）。,￥3.8
联苯苄唑乳膏,浅表皮肤真菌感染，如：手足癣...,￥10
诺氟沙星乳膏,用于敏感菌所致的皮肤软组织感...,￥17
联苯苄唑乳膏,用于手癣、足癣、体癣、股癣、...,￥21.5
克林霉素磷酸酯1溶液剂,用于治疗寻常痤疮。,￥5.4
地红霉素肠溶片,适用于12岁以上患者，用于治疗...,￥97.4
注射用头孢拉定,适用于敏感菌所致的急性咽炎、...,￥22.5
阿昔洛韦分散片,1.单纯疱疹病毒感染：用于生殖...,￥171.5
解毒胶囊,清热解毒，祛腐生肌。用于各种...,￥102.8
儿肤康搽剂,清热除湿，祛风止痒。用于儿童..., 
卡泊三醇搽剂,常性银屑病（牛皮癣）。, 
沙利度胺胶囊,皮肤病治疗药。用于控制瘤型麻..., 
癣药膏,活血祛毒，杀虫止痒。用于皮肤...,￥13.1
乙氧苯柳胺软膏,适用于慢性湿疹及神经性皮炎。,￥28.9
樟脑软膏,用于冻疮及瘙痒性皮肤病。,￥19
醋酸氯己定软膏,用于疖肿，小面积烧伤、烫伤、...,￥24
甲硝唑乳膏,治疗毛囊虫皮炎、疥疮、痤疮。...,￥15
马来酸氯苯那敏片,本品适用于皮肤过敏症:荨麻疹...,￥1.8
曲安奈德氯霉素溶液,用于虫咬、小儿丘疹性荨麻疹、...,￥6.8
清热暗疮丸,清热解毒，凉血散瘀。用于痤疮..., 
苯海拉明薄荷脑糖浆,用于皮肤过敏症如荨麻疹、湿疹..., 
林旦乳膏,用于疥疮和阴虱病。, 
克霉唑乳膏,用于单纯疱疹或带状疱疹感染。, 
注射用头孢噻肟钠,本品适用于敏感菌所致的呼吸道..., 
注射用胸腺肽,用于治疗各种原发性或继发性T..., 
丁香罗勒油乳膏,本品用于治疗疥疮。, 
黑豆馏油软膏,消炎，收敛，止痒。用于神经性..., 
复方克霉唑溶液,用于体癣，手、足癣。, 
甲氧沙林溶液,色素再生药。配合长波紫外线照...,￥16
注射用氨苄西林钠舒巴坦钠,本品适用于产（内酰胺酶的流感...,￥18.8
复方薄荷脑软膏,本品用于由伤风感冒所致的鼻塞...,￥14.5
维A酸乳膏,本品用于寻常痤疮及角化异常性...,￥8.4
复方醋酸氟轻松酊,皮肤外用药。适用于神经性皮炎...,￥2.6
汞溴红溶液,适用于表浅创面皮肤外伤的消毒...,￥1.2
汞溴红溶液,适用于表浅创面皮肤外伤的消毒...,￥6.4
林旦乳膏,用于疥疮和阴虱病。,￥28
复方醋酸氟轻松酊,皮肤外用药。适用于神经性皮炎...,￥7.4
康肤酊,润肤止痒，杀虫去臭。用于各种...,￥29
老鹳草软膏,用于湿毒蕴结所致的湿疹，痈、...,￥3.6
联苯苄唑乳膏,浅表皮肤真菌感染，如：手足癣...,￥7.2
注射用甲磺酸左氧氟沙星,本品适用于敏感细菌引起的下列..., 
氧氟沙星缓释片,适用于敏感菌所致的单纯性和复..., 
罗红霉素片,1适应于敏感菌株引起的下列感..., 
氧氟沙星凝胶,用于敏感细菌所致的皮肤软组织..., 
丙酸氯倍他索乳膏,适用于慢性湿疹、银屑病、扁平...,￥0.9
酮康唑片,全身真菌感染，如全身念珠菌病...,￥39.8
利福昔明干混悬剂,主要用于皮肤浅表真菌感染，如...,￥23
酮康唑胶囊,本品适用于下列系统性真菌感染...,￥22.6
盐酸洛美沙星乳膏,用于治疗细菌感染性皮肤病，如...,￥5.2
一扫光药膏,消肿，解痒，止痛。用于小儿胎...,￥5.4
皮肤病血毒丸,清血解毒，消肿止痒。用于经络...,￥27
注射用胸腺肽,用于治疗各种原发性或继发性T...,￥2.8
乳酸左氧氟沙星氯化钠注射液,本品适用于敏感细菌所引起的下...,￥8
咪康唑氯倍他索乳膏,用于真菌引起的皮炎、湿疹、手...,￥10.9
注射用头孢曲松钠,适用于对本品敏感的致病菌引起...,￥10.8
顽癣净,祛风止痒，保湿杀虫。用于手癣...,￥615
硫唑嘌呤片,1．急慢性白血病，对慢性粒细...,￥31.2
利巴韦林口服溶液,适用于病毒性上呼吸道感染，皮..., 
甲氧沙林搽剂,本品用于白癜风、牛皮癣。, 
盐酸伐昔洛韦颗粒,用于治疗水痘带状疱疹及I型、II..., 
硼酸洗液,可用于皮肤、粘膜损害的清洁剂...,￥2.5
樟脑薄荷柳酯乳膏,用于头痛、头昏，虫咬、蚊叮，...,￥9.2
酮康唑乳膏,用于手癣、足癣、体癣、股癣、...,￥9.5
白花油,疏风止痒，理气止痛，消疲提神...,￥1.5
红霉素软膏,用于脓疱疮等化脓性皮肤病、小...,￥9.2
复方醋酸地塞米松乳膏,用于局限性搔痒症、神经性皮炎...,￥0.8
硝酸益康唑溶液,用于皮肤念珠菌病的治疗；亦可...,￥2.7
马来酸氯苯那敏片,本品适用于皮肤过敏症：荨麻疹...,￥1
愈裂贴膏,本品有软化角质层，生肌止痛，...,￥7.5
克霉唑溶液,用于体癣、股癣、手癣、足癣、...,￥22.8
复方酮康唑软膏,本品主要用于皮肤浅表真菌感染...,￥26.5
复方酮康唑发用洗剂,用于治疗和预防多种真菌引起的...,￥28.5
聚维酮碘溶液,用于化脓性皮炎、皮肤真菌感染...,￥28
克林霉素甲硝唑搽剂,用于寻常痤疮，也可用于脂溢性..., 
联苯苄唑溶液,浅表皮肤真菌感染，如：手足癣..., 
参皇软膏,养血润燥，祛风。用于血虚风燥..., 
复方克霉唑乳膏,适用于治疗白色念珠菌所致的皮...,￥9.5
丙酸氯倍他索软膏,适用于慢性湿疹、银屑病、扁平...,￥2
醋酸氟轻松乳膏,本品为肾上腺皮质激素类药。用...,￥11.9
哈西奈德溶液,接触性湿疹、异位性皮炎、神经...,￥8.2
复方十一烯酸锌曲安奈德软膏,用于手足癣、体癣及股癣。对其...,￥21.1
利多卡因氯己定气雾剂,本品用于一般割伤、擦伤、软组...,￥12
头孢克洛胶囊,主要用于由敏感菌所致呼吸系统...,￥28
奥硝唑氯化钠注射液,1  用于治疗由脆弱拟杆菌、狄氏...,￥35
氯霉素搽剂,皮肤外用药。用于对氯霉素类抗...,￥8.1
盐酸二氧丙嗪颗粒,用于咳嗽，哮喘，荨麻疹及皮肤...,￥1.6
复方土荆皮酊,抑制表皮霉菌及止痒。用于手癣...,￥34.9
卤米松/三氯生乳膏,用于已并发有三氯生敏感细菌继...,￥27.8
聚甲酚磺醛栓,1.妇科：用于宫颈糜烂、宫颈炎...,￥14.4
诺氟沙星软膏,用于敏感菌所致的皮肤软组织感..., 
复方黄藤洗液,暂无数据, 
丁酸氯倍他松乳膏,用于短期治疗和控制湿疹和皮炎..., 
丙酸氯倍他索乳膏,牛皮癣（银屑病）、顽固性湿疹...,￥68
地蒽酚软膏,主要用于寻常型斑块状银屑病。,￥2.5
克霉唑乳膏,用于单纯疱疹或带状疱疹感染。,￥28
重楼解毒酊,苗医旭嘎怡沓痂，泱安漳砧，迫...,￥1.8
汞溴红溶液,本品以其解离出汞离子而起杀菌...,￥50.9
曲安缩松-尿素乳膏,本品用于扁平苔癣的对症治疗。,￥30.5
复方氨肽素片,用于银屑病（牛皮癣）。,￥9.4
注射用重组人干扰素α2a,1.病毒性疾病：伴有HBVDNA、DNA多...,￥6.7
阿昔洛韦凝胶,本品适用于：1.单纯疱疹病毒感...,￥17
鱼腥草素钠片,1、上呼吸道感染：扁桃体炎、...,￥7.7
注射用头孢曲松钠,适用于对本品敏感的致病菌引起...,￥13.8
顽癣净,祛风止痒，保湿杀虫。用于手癣...,￥11
联苯苄唑乳膏,用于治疗各种皮肤真菌病，如手...,￥6.6
咪康唑氯倍他索乳膏,用于真菌引起的皮炎、湿疹、手...,￥61.5
喷昔洛韦乳膏,口唇或面部单纯疱疹、生殖器疱..., 
五妙水仙膏,本品具有去腐生新，清热解毒的..., 
阿莫西林胶囊,1.溶血链球菌、肺炎链球菌、葡...,￥13
丙酸氯倍他索乳膏,牛皮癣（银屑病）、顽固性湿疹...,￥7.7
利多卡因氯己定气雾剂,本品用于一般割伤、擦伤、软组...,￥24
林旦乳膏,用于疥疮和阴虱病。,￥22.2
注射用胸腺肽,用于治疗各种原发性或继发性T..., 
注射用胸腺肽,用于治疗各种原发性或继发性T..., 
注射用胸腺肽,用于治疗各种原发性或继发性T..., 
注射用重组人白介素-2(Ⅰ),用于先天或后天免疫缺陷症的治..., 
利巴韦林颗粒,适用病毒性上呼吸道感染，皮肤..., 
银屑灵,祛风燥湿、清热解毒、活血化於..., 
注射用甲磺酸左氧氟沙星,本品适用于敏感细菌引起的下列..., 
注射用甲磺酸左氧氟沙星,本品适用于敏感细菌引起的下列..., 
注射用甲磺酸左氧氟沙星,本品适用于敏感细菌引起的下列..., 
氧氟沙星乳膏,用于治疗敏感菌引起的脓疱疮、..., 
注射用甲磺酸左氧氟沙星,本品适用于敏感细菌引起的下列..., 
糠酸莫米松洗剂,用于湿疹、神经性皮炎、异位性..., 
强力碘溶液,皮肤感染、外阴瘙痒、细菌性、...,￥4.5
联苯苄唑乳膏,浅表皮肤真菌感染，如：手足癣...,￥6.8
酮康唑片,1  全身真菌感染，如全身念珠...,￥5.5
复方醋酸氟轻松酊,皮肤外用药。适用于神经性皮炎...,￥45
盐酸异丙嗪片,"1.用于皮肤，黏膜过敏,过敏性鼻...",￥9.4
注射用胸腺肽,用于治疗各种原发性或继发性T...,￥5.8
维A酸片,适用于痤疮、扁平苔藓、白斑、...,￥10.9
复方氨肽素片,用于银屑病（牛皮癣）。,￥15
盐酸环丙沙星凝胶,广谱抗菌药。用于治疗脓疱疮、...,￥170
新霉素氟轻松乳膏,用于过敏性皮炎、亚急性慢性湿...,￥6.6
氟康唑胶囊,"本品适用于以下真菌病：
⒈全...",￥9.4
复方联苯苄唑乳膏,用于治疗各种皮肤真菌病，如手..., 
鬼臼根树脂溶液,本品用于各种疣的治疗(包括湿..., 
盐酸特比萘芬乳膏,用于治疗手癣、足癣、体癣、股..., 
地氯雷他定干混悬剂,本品用于快速缓解过敏性鼻炎的..., 
盐酸特比萘芬乳膏,用于治疗手癣、足癣、体癣、股..., 
盐酸洛美沙星片,适用于敏感细菌引起的下列感染...,￥5.5
醋酸氟轻松乳膏,本品为肾上腺皮质激素类药。用...,￥7
泛昔洛韦胶囊,适用于带状疱疹和原发性生殖器...,￥23.9
复方醋酸氟轻松酊,适用于神经性皮炎。对银屑病也...,￥40
克痤隐酮乳膏,抑制皮脂腺分泌及痤疮杆菌生长...,￥2.2
醋酸氟轻松乳膏,本品为肾上腺皮质激素类药。用...,￥5
复方氨肽素片,用于银屑病（牛皮癣）。,￥28.9
注射用胸腺肽,用于治疗各种原发性或继发性T...,￥14.9
银耳孢糖胶囊,益气和血，滋阴生津，扶正固本...,￥7.9
丙酸氯倍他索搽剂,本品用于治疗神经性皮炎、慢性...,￥3.6
糠酸莫米松凝胶,本品用于湿疹、神经性皮炎、,￥73.6
复方地塞米松凝胶,本品用于神经性皮炎、接触性皮...,￥7.1
盐酸环丙沙星乳膏,广谱抗菌药。用于治疗脓疱疮、...,￥52.5
蜂胶片,菌消炎、降血脂。用于高血脂症..., 
克拉霉素,适用于克拉霉素敏感菌所引起的..., 
白玉软膏,苗医：中医：活血祛风，养血润..., 
倍他米松乳膏,用于过敏性皮炎、湿疹、神经性...,￥10.2
复方苯海拉明克罗米通酊,适用于蚊虫叮咬及由细菌真菌感...,￥11.4
注射用头孢唑林钠,适用于治疗敏感细菌所致的中耳...,￥14.9
注射用胸腺肽,用于治疗各种原发性或继发性T...,￥4.4
注射用转移因子,1.用于治疗某些抗生素难以控制...,￥49
麦迪霉素片,主要适用于金黄色葡萄球菌、溶...,￥21
乳酸环丙沙星氯化钠注射液,用于敏感菌引起的1.泌尿生殖系...,￥21
注射用甲磺酸左氧氟沙星,本品适用于敏感细菌引起的下列..., 
复方酮康唑乳膏,主要用于皮肤浅表真菌感染，如..., 
注射用甲磺酸左氧氟沙星,本品适用于敏感细菌引起的下列..., 
注射用甲磺酸左氧氟沙星,本品适用于敏感细菌引起的下列..., 
注射用甲磺酸左氧氟沙星,本品适用于敏感细菌引起的下列..., 
注射用甲磺酸左氧氟沙星,本品适用于敏感细菌引起的下列..., 
注射用甲磺酸左氧氟沙星,本品适用于敏感细菌引起的下列..., 
白蚀丸,补益肝肾，活血祛瘀，养血驱风..., 
肤痒颗粒,祛风活血，除湿止痒。用于皮肤..., 
甲胂酸钠注射液,用于慢性湿疹等皮肤病。,￥774.4
靓尔丽牌祛斑胶囊,美容(祛黄褐斑),￥3
醋酸氟轻松冰片乳膏,用于皮炎、湿疹、银屑病、非特...,￥4.8
哈西奈德乳膏,接触性湿疹、异位性皮炎、神经...,￥9.2
注射用头孢哌酮钠,适用于敏感菌所致的各种感染如...,￥10
注射用氨苄西林钠舒巴坦钠,本品适用于产（内酰胺酶的流感...,￥21.1
注射用胸腺肽,用于治疗各种原发性或继发性T...,￥4.5
注射用转移因子,1.用于治疗某些抗生素难以控制...,￥3
注射用转移因子,1.用于治疗某些抗生素难以控制...,￥47
冰樟桉氟轻松贴膏,暂无数据,￥20
黄柏胶囊,清热燥湿，泻火除蒸，解毒疗疮..., 
复方酮康唑乳膏,本品主要用于皮肤浅表真菌感染..., 
复方青黛片,清热解毒，消斑化瘀，祛风止痒..., 
他扎罗汀凝胶,本品适用于治疗寻常性斑块型银..., 
冰胆搽剂,清热解毒，消肿止痒用于热毒内..., 
聚维酮碘乳膏,用于化脓性皮炎、皮肤真菌感染..., 
注射用氨苄西林钠舒巴坦钠,本品适用于产（内酰胺酶的流感...,￥4.7
注射用胸腺肽,用于治疗各种原发性或继发性T...,￥16
注射用重组人白介素-2(Ⅰ),用于先天或后天免疫缺陷症的治...,￥1.5
注射用重组人白介素-2(Ⅰ),用于先天或后天免疫缺陷症的治...,￥20
疤痕止痒软化膏,本品用于活血柔皮，除湿止痒。...,￥3
阿昔洛韦片,1.单纯疱疹病毒感染：用于生殖..., 
复方氨肽素片,用于银屑病（牛皮癣）。, 
注射用头孢曲松钠,用于敏感致病菌所致的下呼吸道..., 
氧氟沙星片,适用于敏感菌引起的：1.泌尿生..., 
注射用甲磺酸左氧氟沙星,本品适用于敏感细菌引起的下列..., 
注射用甲磺酸左氧氟沙星,本品适用于敏感细菌引起的下列..., 
注射用甲磺酸左氧氟沙星,本品适用于敏感细菌引起的下列..., 
注射用甲磺酸左氧氟沙星,本品适用于敏感细菌引起的下列..., 
注射用甲磺酸左氧氟沙星,本品适用于敏感细菌引起的下列..., 
伤疖膏,清热解毒，消肿止痛。用于各种..., 
十八味欧曲丸,清热，杀疠，开窍。用于麻风，..., 
地蒽酚软膏,主要用于寻常型斑块状银屑病。,￥4.5
哈西奈德乳膏,接触性湿疹、异位性皮炎、神经...,￥1.2
十一烯酸酊,真菌感染、手癣、足癣、体癣、...,￥3.2
甲紫溶液,面部有溃疡性损害时应慎用，不...,￥0.6
利巴韦林片,适用于呼吸道合胞病毒引起的病...,￥5.8
利巴韦林片,适用于呼吸道合胞病毒引起的病...,￥158
醋酸曲安奈德尿素乳膏,用于牛皮藓及扁平苔藓。,￥9
鱼石脂软膏,本品用于疖肿。,￥39.8
复方酮康唑乳膏,本品主要用于皮肤浅表真菌感染...,￥28
八宝五胆药墨,消炎解毒，活血止痛，凉血止血..., 
紫金锭,解毒，消炎。用于痈疽疮毒，虫..., 
注射用甲磺酸左氧氟沙星,本品适用于敏感细菌引起的下列..., 
注射用甲磺酸左氧氟沙星,本品适用于敏感细菌引起的下列..., 
复方薄荷脑软膏,本品用于由伤风感冒所致的鼻塞..., 
独角莲膏,消肿拔毒。用于疔毒疮疖，手足..., 
白癜风胶囊,益气行滞，活血解毒，利湿消斑..., 
汞溴红溶液,适用于表浅创面皮肤外伤的消毒...,￥23
硝酸咪康唑搽剂,用于体癣、股癣、手、足癣、花...,￥5
甲磺酸培氟沙星注射液,由培氟沙星敏感菌所致的各种感...,￥1
复方克霉唑乳膏,用于体癣、股癣、手癣、足癣、...,￥4.9
汞溴红溶液,适用于表浅创面皮肤外伤的消毒...,￥8
克霉唑乳膏,用于单纯疱疹或带状疱疹感染。,￥4.7
硫酸新霉素软膏,帮助防治烧伤引起的感染、溃疡...,￥30.8
顽癣净,祛风止痒，保湿杀虫。用于手癣...,￥28.5
注射用头孢呋辛钠,用于敏感菌所致的以下病症：1...,￥39.8
醋酸曲安奈德注射液,适用于各种皮肤病、过敏性鼻炎..., 
头孢拉定颗粒,适用于敏感菌所致的急性咽炎、..., 
苦胆草胶囊,清热燥湿，泻肝胆火，用于湿热..., 
复方十一烯酸锌曲安奈德软膏,用于手足癣、体癣及股癣。对其..., 
克霉唑倍他米松洗剂,用于治疗红色毛癣菌、须发癣毛..., 
夫西地酸钠软膏,用于治疗由于葡萄球菌、链球菌..., 
五妙水仙膏,本品具有去腐生新，清热解毒的..., 
阿昔洛韦乳膏,用于单纯疱疹或带状疱疹感染,￥8
哈西奈德软膏,接触性湿疹、异位性皮炎、神经...,￥2.8
哈西奈德溶液,接触性湿疹、异位性皮炎、神经...,￥35
注射用转移因子,1.用于治疗某些抗生素难以控制...,￥3.5
醋酸曲安奈德注射液,适用于各种皮肤病、过敏性鼻炎...,￥1.4
复方氨肽素片,用于银屑病（牛皮癣）。,￥16.2
阿昔洛韦片,1.单纯疱疹病毒感染：用于生殖...,￥5.8
四环素软膏,用于敏感革兰阳性菌、革兰阴性...,￥9
癣湿药水,祛风除湿，杀虫止痒。用于鹅掌...,￥23.8
盐酸洛美沙星乳膏,用于敏感细菌所致皮肤病。适用...,￥8.2
注射用甲磺酸左氧氟沙星,本品适用于敏感细菌引起的下列...,￥13.9
注射用甲磺酸左氧氟沙星,本品适用于敏感细菌引起的下列..., 
注射用甲磺酸左氧氟沙星,本品适用于敏感细菌引起的下列..., 
注射用甲磺酸左氧氟沙星,本品适用于敏感细菌引起的下列..., 
肤痒颗粒,祛风活血，除湿止痒。用于皮肤..., 
泛昔洛韦分散片,用于治疗带状疱疹和原发性生殖..., 
氧氟沙星乳膏,用于治疗敏感菌引起的脓疱疮、...,￥6.4
林旦乳膏,主要用于疥疮、体虱等。,￥3.6
乳酸依沙吖啶软膏,适用于敏感革兰阳性菌及革兰阴...,￥1.8
丙酸氯倍他索乳膏,适用于慢性湿疹、银屑病、扁平...,￥11.4
阿奇霉素胶囊,适用于敏感细菌所引起的下列感...,￥1.9
醋酸曲安奈德尿素乳膏,用于过敏性皮炎、湿疹、神经性...,￥2
醋酸曲安奈德尿素乳膏,用于牛皮癣及扁平苔癣的对症治...,￥8.5
倍他米松乳膏,用于过敏性皮炎、湿疹、神经性...,￥795
伊曲康唑口服液,治疗HIV阳性或免疫系统损害患者...,￥18.9
氟康唑胶囊,1、念珠菌病；2、隐球菌病；3、...,￥3
苯唑西林钠胶囊,用于抗青霉素葡萄球菌引起的肺...,￥6
复方磺胺氧化锌软膏,用于毛囊炎、疖肿、脓疱疮等感...,￥23.5
复方酮康唑乳膏,本品主要用于皮肤浅表真菌感染...,￥103.5
消痤丸,清热解毒，用于痤疮。,￥25.7
苦豆子油搽剂,维医：净化血液质，清除碱性粘..., 
防参止痒颗粒,消风止痒、润燥生津。用于急性..., 
消肿橡胶膏,消肿、消肿、拔毒散瘀。主治流...,￥8.2
注射用胸腺肽,用于治疗各种原发性或继发性T...,￥12.5
注射用胸腺肽,用于治疗各种原发性或继发性T...,￥29
注射用转移因子,1.用于治疗某些抗生素难以控制...,￥17.5
注射用转移因子,1.用于治疗某些抗生素难以控制..., 
注射用转移因子,1.用于治疗某些抗生素难以控制..., 
醋酸氟轻松乳膏,本品为肾上腺皮质激素类药。用..., 
醋酸曲安奈德注射液,适用于各种皮肤病、过敏性鼻炎..., 
利多卡因氯己定气雾剂,本品用于一般割伤、擦伤、软组..., 
化痔灵片,凉血，收敛，消炎。用于内外痔..., 
注射用甲磺酸左氧氟沙星,本品适用于敏感细菌引起的下列..., 
注射用甲磺酸左氧氟沙星,本品适用于敏感细菌引起的下列..., 
注射用甲磺酸左氧氟沙星,为减少耐药菌的产生，保证甲磺..., 
注射用甲磺酸左氧氟沙星,本品适用于敏感细菌引起的下列..., 
复方十一烯酸锌曲安奈德软膏,用于手足癣、体癣及股癣。对其..., 
利拉萘酯乳膏,主要用于治疗头癣、手癣、脚癣..., 
丙酸氯倍他索乳膏,适用于慢性湿疹、银屑病、扁平...,￥2.6
哈西奈德乳膏,接触性湿疹、异位性皮炎、神经...,￥20
氧氟沙星乳膏,用于治疗敏感菌引起的脓疱疮、...,￥2
阿昔洛韦乳膏,用于单纯疱疹或带状疱疹感染,￥9.5
盐酸洛美沙星乳膏,用于皮肤软组织细菌感染性疾病...,￥9.2
灰黄霉素片,本品适用于各种癣病的治疗，包...,￥6.7
丁酸氢化可的松乳膏,用于过敏性皮炎、脂溢性皮炎、...,￥19.4
连翘败毒片,清热解毒，消肿止痛。用于疮疖...,￥25.9
盐酸左氧氟沙星注射液,本品适用于敏感细菌所引起的下...,￥13.8
维胺酯软胶囊,本品用于治疗重、中度痤疮，对...,￥7.8
利多卡因氯己定气雾剂(成膜型),本品用于一般割伤、擦伤、软组...,￥8.5
排毒清脂颗粒,化瘀降脂，通便消痤。用于浊淤...,￥11
咪康唑氯倍他索乳膏,用于真菌引起的皮炎，湿疹，手...,￥7.8
复方炉甘石外用散,有消炎止痛、收敛止痒、促进伤..., 
糠酸莫米松凝胶,用于湿疹、神经性皮炎、异位性..., 
维A酸乳膏,本品用于寻常痤疮及角化异常性..., 
环吡酮胺乳膏,用于手癣、足癣、体癣、股癣、...,￥6.1
灰黄霉素片,本品适用于各种癣病的治疗，包...,￥3.9
注射用头孢拉定,适用于敏感菌所致的急性咽炎、...,￥2.5
注射用头孢西丁钠,头孢西丁钠在临床主上要用于敏...,￥8.4
注射用胸腺肽,用于治疗各种原发性或继发性T...,￥25.2
注射用胸腺肽,用于治疗各种原发性或继发性T...,￥9.4
注射用胸腺肽,用于治疗各种原发性或继发性T..., 
醋酸倍他米松搽剂,皮肤外用药。适用于各种类型的..., 
丙酸氯倍他索乳膏,适用于慢性湿疹、银屑病、扁平..., 
注射用重组人干扰素α2a,1病毒性疾病:伴有HBV-DNA、DNA多聚..., 
阿莫西林分散片,抗生素，其抗菌谱与氨苄青霉素..., 
复方氨肽素片,用于银屑病（牛皮癣）。, 
喜树碱软膏,用于寻常型银屑病。, 
注射用甲磺酸左氧氟沙星,本品适用于敏感细菌引起的下列..., 
注射用甲磺酸左氧氟沙星,本品适用于敏感细菌引起的下列..., 
注射用甲磺酸左氧氟沙星,本品适用于敏感细菌引起的下列..., 
注射用转移因子,1.用于治疗某些抗生素难以控制...,￥25
丙酸倍氯米松乳膏,预防和治疗常年性适用于过敏性..., 
磺胺噻唑软膏,用于敏感菌引起感染的痈疖等。, 
醋酸曲安奈德乳膏,用于过敏性皮炎、湿疹、神经性..., 
曲安奈德新霉素贴膏,用于局限性神经性皮炎，慢性湿..., 
好体面牌芦荟祛斑胶囊,美容(祛黄褐斑), 
哈西奈德乳膏,接触性湿疹、异位性皮炎、神经..., 
注射用胸腺肽,用于治疗各种原发性或继发性T..., 
三子颗粒,适用于脓疱疮，毛囊炎，疖肿，..., 
银屑颗粒,祛风解毒。用于治疗银屑病。, 
雷公藤内酯软膏,治疗银屑病（牛皮癣）。, 
注射用甲磺酸左氧氟沙星,本品适用于敏感细菌引起的下列..., 
注射用甲磺酸左氧氟沙星,本品适用于敏感细菌引起的下列..., 
阿米卡星洗剂,用于敏感菌引起严重外伤感染。, 
氢化可的松乳膏,用于过敏性皮炎、湿疹、神经性..., 
盐酸伐昔洛韦片,用于治疗水痘带状疱疹及I型、II..., 
哈西奈德涂膜剂,激素类药，适用于皮肤过敏性炎...,￥19.8
复方硫酸新霉素滴眼液,用于急、慢性结膜炎、角膜炎、...,￥23.5
升华硫氯化氨基汞洗剂,用于白斑病。,￥1
注射用复方甘草酸苷,治疗慢性肝病，改善肝功能异常...,￥2.9
哈西奈德溶液,本品用于接触性湿疹、异位性皮...,￥5.2
复方克霉唑乳膏,用于真菌病，如手癣、足癣、股...,￥12.1
克霉唑乳膏,用于体癣、股癣、手癣、足癣、...,￥7.5
克霉唑乳膏,用于体癣、股癣、手癣、足癣、...,￥35
联苯苄唑乳膏,用于治疗手癣、足癣、股癣、体...,￥7.5
止痒酊,燥湿杀虫、祛风止痒，用于蚊虫...,￥1.5
联苯苄唑乳膏,1.本品常见不良反应有：（1）胃...,￥18
醋酸泼尼松龙片,用于过敏性与自身免疫性炎症疾..., 
硝酸舍他康唑乳膏,由皮真菌、酵母菌、念珠菌、曲..., 
泛昔洛韦片,用于治疗带状疱疹和原发性生殖..., 
阿昔洛韦乳膏,用于单纯疱疹或带状疱疹感染, 
环吡酮胺乳膏,用于浅部皮肤真菌感染，如体、..., 
丙酸倍氯米松软膏,适用于过敏性与炎症性皮肤病和..., 
注射用胸腺肽,用于治疗各种原发性或继发性T..., 
注射用胸腺肽,用于治疗各种原发性或继发性T..., 
注射用胸腺肽,用于治疗各种原发性或继发性T..., 
注射用胸腺肽,用于治疗各种原发性或继发性T..., 
注射用胸腺肽,用于治疗各种原发性或继发性T..., 
阿伐斯汀胶囊,适用于缓解下列疾病的症状。过..., 
注射用甲磺酸培氟沙星,由培氟沙星敏感菌所致的各种感..., 
注射用甲磺酸左氧氟沙星,本品适用于敏感细菌引起的下列..., 
注射用甲磺酸左氧氟沙星,本品适用于敏感细菌引起的下列..., 
注射用甲磺酸左氧氟沙星,本品适用于敏感细菌引起的下列..., 
注射用甲磺酸左氧氟沙星,本品适用于敏感细菌引起的下列..., 
注射用甲磺酸左氧氟沙星,本品适用于敏感细菌引起的下列..., 
注射用甲磺酸左氧氟沙星,本品适用于敏感细菌引起的下列..., 
注射用甲磺酸左氧氟沙星,本品适用于敏感细菌引起的下列..., 
盐酸特比萘芬乳膏,用于治疗手癣、足癣、股癣、体..., 
十一烯酸锌,暂无数据,￥11
氧氟沙星注射液,适用于敏感菌引起的： 1．泌尿..., 
盐酸环丙沙星胶囊,用于敏感菌引起的：1  泌尿生殖..., 
克林霉素磷酸酯注射液,用于治疗寻常痤疮。, 
硫酸奈替米星注射液,1 本品适用于治疗敏感革兰阴性..., 
甲氧沙林搽剂,本品用于白癜风、牛皮癣。, 
白癜风胶囊,益气行滞，活血解毒，利湿消斑..., 
葛洪脚气水,除湿杀虫。用于湿毒蕴结而致的..., 
白癜风丸,益气行滞，活血解毒，利湿消斑..., 
小儿化毒散,清热解毒，活血消肿。用于小儿..., 
局方至宝丸,清热解毒，开窍镇惊。用于温邪..., 
清热暗疮胶囊,清热解毒，凉血散瘀，泻火通腑..., 
盐酸环丙沙星乳膏,广谱抗菌药。用于治疗脓疱疮、..., 
曲安奈德注射液,1.风湿性、类风湿性关节炎；2...., 
盐酸美克洛嗪,适用于各种皮肤粘膜过敏疾病，..., 
磺胺嘧啶锌软膏,用于烧伤、外伤所致新鲜创面、..., 
樟脑搽剂,用于治疗神经痛、肌肉痛或关节...,￥20
注射用转移因子,1.用于治疗某些抗生素难以控制...,￥12
醋酸氟轻松乳膏,本品为肾上腺皮质激素类药。用..., 
醋酸曲安奈德乳膏,用于治疗念珠菌引起的皮肤病、..., 
氟氯西林钠阿莫西林胶囊,本品适用于敏感菌引起的呼吸道..., 
积雪甙片,本品用于促进创伤愈合作用。用..., 
注射用甲磺酸左氧氟沙星,本品适用于敏感细菌引起的下列..., 
注射用甲磺酸左氧氟沙星,本品适用于敏感细菌引起的下列..., 
注射用甲磺酸左氧氟沙星,本品适用于敏感细菌引起的下列..., 
注射用甲磺酸左氧氟沙星,本品适用于敏感细菌引起的下列..., 
注射用甲磺酸左氧氟沙星,本品适用于敏感细菌引起的下列..., 
注射用甲磺酸左氧氟沙星,本品适用于敏感细菌引起的下列..., 
注射用甲磺酸左氧氟沙星,本品适用于敏感细菌引起的下列..., 
盐酸伐昔洛韦胶囊,用于治疗水痘带状疱疹及I型，II..., 
沙利度胺,皮肤病治疗药。用于控制瘤型麻..., 
盐酸特比萘芬乳膏,用于治疗手癣、足癣、股癣、体..., 
酮康唑片,全身真菌感染，如全身念珠菌病...,￥24
盐酸米诺环素胶囊,本品适用于因葡萄球菌、链球菌...,￥78
注射用胸腺肽,用于治疗各种原发性或继发性T...,￥6.5
注射用胸腺肽,用于治疗各种原发性或继发性T...,￥60
注射用胸腺肽,用于治疗各种原发性或继发性T...,￥62
注射用转移因子,1.用于治疗某些抗生素难以控制..., 
复方醋酸氟轻松酊,本品适用于神经性皮炎。对银屑..., 
灰黄霉素片,本品适用于各种癣病的治疗，包..., 
丙酸氟替卡松乳膏,成人:适用于各种皮质激素可缓..., 
汞溴红溶液,适用于表浅创面皮肤外伤的消毒..., 
甲紫溶液,面部有溃疡性损害时应慎用，不..., 
癣药膏,活血祛毒，杀虫止痒。用于皮肤..., 
氟康唑颗粒,本品适用于下列敏感真菌所致的..., 
注射用甲磺酸左氧氟沙星,本品适用于敏感细菌引起的下列..., 
克霉唑倍他米松乳膏,本品适用于红色毛癣菌、须发癣..., 
糠酸莫米松,对皮质激素治疗有效的皮肤病，..., 
依诺沙星乳膏,适用于脓疱疮、毛囊炎、疖肿、...,￥10.8
甲氧沙林片,白癜风、牛皮癣（银屑病）。,￥15.8
醋酸泼尼松龙乳膏,用于过敏性皮炎、脂溢性皮炎、...,￥10.5
乙酰水杨酸孕烯诺龙片,激素类药。用于风湿性关节炎，..., 
诺氟沙星软膏,具有抗炎作用，可用于治疗细菌..., 
酮康唑片,1  全身真菌感染，如全身念珠..., 
卤米松/三氯生乳膏,用于已并发有三氯生敏感细菌继..., 
酮康唑胶囊,1.由皮真菌和（或）酵母菌引起..., 
利拉萘酯乳膏,主要用于治疗头癣、手癣、脚癣..., 
增抗宁片,益气健脾，养阴生津，清热，并..., 
氢化可的松乳膏,用于过敏性皮炎、湿疹、神经性..., 
复方甘草酸苷片,治疗慢性肝病，改善肝功能异常..., 
莫匹罗星,革兰氏阳性球菌引起的皮肤软组..., 
皮肤病血毒丸,清血解毒，消肿止痒。用于经络..., 
马来酸氯苯那敏缓释胶囊,1.用于皮肤过敏症：荨麻疹、湿..., 
炉甘石粉,用于急性瘙痒性皮炎无渗透者。..., 
克林霉素磷酸酯注射液,用于治疗寻常痤疮。,￥8
注射用胸腺肽,用于治疗各种原发性或继发性T..., 
注射用转移因子,1.用于治疗某些抗生素难以控制..., 
林可霉素维B6乳膏,本品用于痤疮（粉刺），脂溢性..., 
鱼石脂软膏,本品用于疖肿。, 
甲氧沙林片,本品用于白癜风、牛皮癣。, 
甲氧沙林溶液,本品用于白癜风、牛皮癣。, 
吉他霉素片,主要用于革兰阳性菌所致的皮肤..., 
硝酸益康唑癣药水,抗真菌药。局部用于真茵引起的..., 
卡泊三醇软膏,寻常性银屑病（牛皮癣）。, 
泛昔洛韦,带状疱疹和原发性生殖器疱疹。, 
联苯苄唑乳膏,用于治疗各种皮肤真菌病，如手..., 
葛洪脚气水,除湿杀虫。用于湿毒蕴结而致的..., 
氢醌,可以抑制表皮黑色素细胞产生黑..., 
灰黄霉素片,本品适用于各种癣病的治疗，包..., 
磺胺嘧啶银乳膏,用于预防和治疗小面积、轻度烧..., 
利巴韦林片,适用于呼吸道合胞病毒引起的病...,￥3.5
醋酸地塞米松乳膏,主要用于过敏性和自身免疫性炎...,￥1.9
盐酸左西替利嗪,荨麻疹、过敏性鼻炎、湿疹、皮...,￥10
氯霉素搽剂,皮肤外用药。用于对氯霉素类抗..., 
醋酸氟轻松乳膏,本品为肾上腺皮质激素类药。用..., 
尿素软膏,本品用于手足皲裂；也可用于角..., 
利福定胶囊,本品适用于各型肺结核和其他结..., 
新霉素氟轻松乳膏,用于过敏性皮炎、亚急性慢性湿..., 
哈西奈德溶液,接触性湿疹、异位性皮炎、神经..., 
喷昔洛韦,口唇或面部单纯疱疹、生殖器疱..., 
复方酮康唑凝胶,用于体癣，手、足癣、股癣。, 
注射用阿昔洛韦,用于治疗单纯疱疹病毒感染，带..., 
环吡酮胺乳膏,用于浅部皮肤真菌感染，如体、..., 
葡萄糖酸锌软膏,寻常性痤疮。, 
盐酸洛美沙星乳膏,用于敏感细菌所致的皮肤软组织..., 
二丙酸倍他米松,本品用于缓解13岁及以上儿童和..., 
依诺沙星乳膏,适用于敏感致病菌所致的皮肤感...,￥20
浓氨溶液,暂无数据,￥192
注射用氨苄西林钠,适用于敏感菌所致的呼吸道感染...,￥19
丙酸倍氯米松乳膏,适用于过敏性与炎症性皮肤病和...,￥20
地蒽酚软膏,主要用于寻常型斑块状银屑病。,￥29
地蒽酚软膏,主要用于寻常型斑块状银屑病。, 
诺氟沙星软膏,用于敏感菌所致的皮肤软组织感..., 
氧氟沙星乳膏,用于治疗敏感菌引起的脓疱疮、..., 
云香十五味丸,燥“协日乌素”，消“粘”，消..., 
乙酰胺注射液,为氟乙酰胺（有机氟农药）、氟..., 
醋酸泼尼松龙片,用于过敏性与自身免疫性炎症疾..., 
盐酸环丙沙星软膏,广谱抗菌药。用于治疗脓疱疮，..., 
氧氟沙星凝胶,用于敏感细菌所致的皮肤软组织..., 
硝酸咪康唑胶囊,适用于全身念珠菌、霉菌、隐球..., 
诺氟沙星乳膏,用于敏感菌所致的皮肤软组织感..., 
西吡氯铵含漱液,本品对牙菌斑的形成有一定抑制..., 
酮康唑片,全身真菌感染，如全身念珠菌病...,￥23.9
亚硒酸钠片,缺硒患者以及地方性疾病克山病...,￥3.3
复方十一烯酸锌曲安奈德软膏,用于手足癣，体癣及股癣。对其...,￥15.4
哈西奈德乳膏,接触性湿疹、异位性皮炎、神经...,￥1.3
醋酸氟轻松冰片乳膏,用于皮炎、湿疹、银屑病、非特...,￥1.9
注射用转移因子,1.用于治疗某些抗生素难以控制...,￥5.1
注射用转移因子,1.用于治疗某些抗生素难以控制...,￥2.6
复方倍氯米松樟脑乳膏,本品适用于虫咬皮炎、丘疹性荨...,￥10
咪康唑氯倍他索乳膏,用于真菌引起的皮炎、湿疹、手...,￥6
甲紫溶液,面部有溃疡性损害时应慎用，不...,￥479
联苯苄唑乳膏,用于治疗各种皮肤真菌病，如手..., 
联苯苄唑乳膏,用于治疗各种皮肤真菌病，如手..., 
复方十一烯酸锌曲安奈德软膏,用于手足癣、体癣及股癣。对其..., 
依诺沙星乳膏,适用于脓疱疮、毛囊炎、疖肿、..., 
克痒敏醑,收敛止痒，消炎解毒。用于急慢..., 
复方克霉唑乳膏,用于体癣，手、足癣。, 
